2026-08-18T15:00:11Z [INFO] Spawning terminal server process...
2026-08-18T15:00:11Z [INFO] Running terminal server...
2026-08-18T15:00:11Z [INFO] Migrating public settings from native store to settings.toml
2026-08-18T15:00:11Z [INFO] Settings file migration complete — migrated 0 settings, 0 failed
2026-08-18T15:00:11Z [INFO] Unable to read user from secure storage: SecureStorageError(NotFound)
2026-08-18T15:00:11Z [WARN] Error loading CA root certificate: failed to read PEM from file: Permission denied (os error 13) at '/etc/pki/tls/certs/sendmail.pem'
2026-08-18T15:00:11Z [WARN] Error loading CA root certificate: failed to read PEM from file: Permission denied (os error 13) at '/etc/pki/tls/certs/sendmail.pem'
2026-08-18T15:00:11Z [INFO] Connecting to SQLite database
2026-08-18T15:00:15Z [WARN] SQLite error 284 (Automatic indexing used - database might benefit from additional indexes): automatic index on object_permissions(subject_type)
2026-08-18T15:00:19Z [INFO] Initializing crash reporting Some("linux_stable_release") with tag "v0.2026.08.12.21.54.stable_00"...
2026-08-18T15:00:19Z [WARN] Error loading CA root certificate: failed to read PEM from file: Permission denied (os error 13) at '/etc/pki/tls/certs/sendmail.pem'
2026-08-18T15:00:19Z [INFO] Starting warp with channel state ChannelState { channel: Stable, additional_features: {}, config: ChannelConfig { app_id: AppId { qualifier: "dev", organization: "warp", application_name: "Warp" }, logfile_name: "warp.log", server_config: WarpServerConfig { server_root_url: "https://app.warp.dev", rtc_server_url: "wss://rtc.app.warp.dev/graphql/v2", session_sharing_server_url: Some("wss://sessions.app.warp.dev"), firebase_auth_api_key: "AIzaSyBdy3O3S9hrdayLJxJ7mriBR4qgUaUygAs", iap_config: None }, oz_config: OzConfig { oz_root_url: "https://oz.warp.dev", workload_audience_url: None }, telemetry_config: Some(TelemetryConfig { telemetry_file_name: "warp.telemetry", rudderstack_config: Some(RudderStackConfig { write_key: "2iyG8S1RaV4XTX6SEypetFSEbLK", root_url: "https://warpianwzlfqdq.dataplane.rudderstack.com", ugc_write_key: "2uBazVfcqYBDYSOHnqSVx45GpTV" }) }), autoupdate_config: Some(AutoupdateConfig { releases_base_url: "https://releases.warp.dev", show_autoupdate_menu_items: true }), crash_reporting_config: Some(CrashReportingConfig { sentry_url: "https://0195a81da0714f55a93ee4624825f9ec@o540343.ingest.sentry.io/5658526" }), mcp_static_config: Some(McpStaticConfig { providers: [McpOAuthProviderConfig { issuer: "https://github.com/login/oauth", client_id: "Ov23lihTVQYPrqSxZi1F", client_secret: "ea776ec101b0fc6cc5db9d5ad2fbf61d18087883", loopback_client: None }] }) } } and version Some("v0.2026.08.12.21.54.stable_00")
2026-08-18T15:00:19Z [INFO] Computing available system fonts
2026-08-18T15:00:19Z [INFO] Start to send telemetry events to RudderStack
2026-08-18T15:00:19Z [INFO] Start to send telemetry events to RudderStack
2026-08-18T15:00:19Z [INFO] Initializing app services
2026-08-18T15:00:19Z [INFO] Converting 0 legacy MCP servers into templatable MCP servers
2026-08-18T15:00:19Z [INFO] Initialized execution profile model with state: Unsynced, file_backed_profiles: false
2026-08-18T15:00:19Z [INFO] Start to send telemetry events to RudderStack
2026-08-18T15:00:19Z [INFO] Daemon bound to /home/iac-666660/.warp/remote-server/2148d9c5/server-175d5b72.sock
2026-08-18T15:00:19Z [INFO] Daemon started: PID=332524, host_id=94bd97f1-f7ca-4555-8907-2a96e8027c50
2026-08-18T15:00:19Z [INFO] Cleaning up index metadata from SQLite
2026-08-18T15:00:19Z [INFO] Daemon: accepted connection 3c782523-aa89-4030-8d42-0982c09db65c
2026-08-18T15:00:19Z [INFO] Daemon: connection 3c782523-aa89-4030-8d42-0982c09db65c registered — 1 active, host_id=94bd97f1-f7ca-4555-8907-2a96e8027c50
2026-08-18T15:00:19Z [INFO] Handling Initialize (request_id=8983d680-1dfa-4559-a045-0fcca03592a9)
2026-08-18T15:00:19Z [INFO] [Remote codebase indexing] Daemon applying codebase index limits: max_indices_allowed=Some(3) max_files_per_repo=5000 embedding_generation_batch_size=100
2026-08-18T15:00:19Z [INFO] Read 8 bundled skills
2026-08-18T15:00:19Z [INFO] Read 13 bundled skills
2026-08-18T15:00:19Z [INFO] Daemon parsed 18 bundled skills
2026-08-18T15:00:19Z [INFO] Handling SessionBootstrapped: session_id=SessionId(3395227063091197167), shell_type="bash", shell_path=Some("/usr/bin/bash")
2026-08-18T15:00:19Z [INFO] Handling RunCommand (request_id=b4a3e215-3bba-4be5-9a44-31e7a75f0aaf, session_id=SessionId(3395227063091197167)): command="cat '/home/iac-666660/.bash_history'", cwd=None
2026-08-18T15:00:19Z [INFO] Handling RunCommand (request_id=2c546d04-4c72-4848-b014-a0bd34cac274, session_id=SessionId(3395227063091197167)): command="COMMANDS=($(compgen -c)); TYPES=($(type -t ${COMMANDS[@]})); for i in \"${!COMMANDS[@]}\"; do if [[ ${TYPES[$i]} == \"file\" ]]; then echo ${COMMANDS[$i]}; fi; done", cwd=None
2026-08-18T15:00:19Z [INFO] Handling RunCommand (request_id=f071fe07-18e5-49be-9555-8e6e1003723d, session_id=SessionId(3395227063091197167)): command=" cd /home/umax &&  find -L . -maxdepth 1 -type d -print0 && printf '%b' '\\0' && find -L . -maxdepth 1 -not -type d -print0             ", cwd=None
2026-08-18T15:00:19Z [INFO] Handling RunCommand (request_id=23f6b9d9-35d8-4204-83f6-14b37ad98974, session_id=SessionId(3395227063091197167)): command=" cd /home/umax &&  find -L . -maxdepth 1 -type d -print0 && printf '%b' '\\0' && find -L . -maxdepth 1 -not -type d -print0             ", cwd=None
2026-08-18T15:00:19Z [INFO] Handling RunCommand (request_id=3a4d76e2-9b09-451c-b1ff-72e370ea1372, session_id=SessionId(3395227063091197167)): command=" cd /home/umax &&  find -L . -maxdepth 1 -type d -print0 && printf '%b' '\\0' && find -L . -maxdepth 1 -not -type d -print0             ", cwd=None
2026-08-18T15:00:19Z [INFO] Handling GetDiffState repo=/home/iac-666660 mode=Head (request_id=a9968712-a01b-4fd9-9515-60091909dfd3)
2026-08-18T15:00:19Z [INFO] RunCommand completed (request_id=b4a3e215-3bba-4be5-9a44-31e7a75f0aaf): exit_code=Some(ExitCode(0)), stdout_len=2652, stderr_len=0
2026-08-18T15:00:19Z [INFO] Handling GetBranches repo=/home/iac-666660 (request_id=7133450d-5796-4ea8-b07b-e72553791515)
2026-08-18T15:00:19Z [INFO] RunCommand completed (request_id=f071fe07-18e5-49be-9555-8e6e1003723d): exit_code=Some(ExitCode(1)), stdout_len=0, stderr_len=65
2026-08-18T15:00:19Z [INFO] RunCommand completed (request_id=3a4d76e2-9b09-451c-b1ff-72e370ea1372): exit_code=Some(ExitCode(1)), stdout_len=0, stderr_len=65
2026-08-18T15:00:19Z [INFO] RunCommand completed (request_id=23f6b9d9-35d8-4204-83f6-14b37ad98974): exit_code=Some(ExitCode(1)), stdout_len=0, stderr_len=65
2026-08-18T15:00:19Z [INFO] Handling NavigatedToDirectory path=/home/iac-666660 (request_id=d183a191-4870-4f68-8744-6e904c532a4f)
2026-08-18T15:00:19Z [INFO] Handling RunCommand (request_id=52ddfacb-8732-4aa6-a937-5d824d8499e7, session_id=SessionId(3395227063091197167)): command=" cd /home/umax &&  find -L . -maxdepth 1 -type d -print0 && printf '%b' '\\0' && find -L . -maxdepth 1 -not -type d -print0             ", cwd=None
2026-08-18T15:00:19Z [INFO] Handling RunCommand (request_id=d4cda62a-029f-4759-9b34-e1a9461d2129, session_id=SessionId(3395227063091197167)): command=" cd /home/umax &&  find -L . -maxdepth 1 -type d -print0 && printf '%b' '\\0' && find -L . -maxdepth 1 -not -type d -print0             ", cwd=None
2026-08-18T15:00:19Z [INFO] Handling RunCommand (request_id=6c35dedc-141f-4ccb-8b83-85671e88eec5, session_id=SessionId(3395227063091197167)): command=" cd /home/umax &&  find -L . -maxdepth 1 -type d -print0 && printf '%b' '\\0' && find -L . -maxdepth 1 -not -type d -print0             ", cwd=None
2026-08-18T15:00:19Z [INFO] Handling RunCommand (request_id=e6b41a44-b440-423f-8919-e4303701a834, session_id=SessionId(3395227063091197167)): command=" cd /home/umax &&  find -L . -maxdepth 1 -type d -print0 && printf '%b' '\\0' && find -L . -maxdepth 1 -not -type d -print0             ", cwd=None
2026-08-18T15:00:19Z [INFO] Handling RunCommand (request_id=d9abf676-5e9c-4e2b-b0fb-84704a3b3408, session_id=SessionId(3395227063091197167)): command=" cd /home/umax &&  find -L . -maxdepth 1 -type d -print0 && printf '%b' '\\0' && find -L . -maxdepth 1 -not -type d -print0             ", cwd=None
2026-08-18T15:00:19Z [INFO] Handling RunCommand (request_id=631dcf8d-8e8e-494d-bb1f-fa03d1a7fd82, session_id=SessionId(3395227063091197167)): command=" cd /home/umax &&  find -L . -maxdepth 1 -type d -print0 && printf '%b' '\\0' && find -L . -maxdepth 1 -not -type d -print0             ", cwd=None
2026-08-18T15:00:19Z [INFO] Handling RunCommand (request_id=45357add-0fd4-42af-b913-7a79d1c06dc7, session_id=SessionId(3395227063091197167)): command="git --no-optional-locks branch --no-color --sort=-committerdate; printf '\\036\\n'; git --no-optional-locks worktree list --porcelain", cwd=Some("/home/iac-666660")
2026-08-18T15:00:19Z [INFO] Handling RunCommand (request_id=5baab66a-3ff9-41de-9f78-f82509aae26d, session_id=SessionId(3395227063091197167)): command="GIT_OPTIONAL_LOCKS=0 git -c diff.autoRefreshIndex=false diff --shortstat HEAD", cwd=Some("/home/iac-666660")
2026-08-18T15:00:19Z [INFO] Handling RunCommand (request_id=48e10f7d-ecf7-4f2b-a1e6-32f95956c98b, session_id=SessionId(3395227063091197167)): command="kubectl config current-context", cwd=Some("/home/iac-666660")
2026-08-18T15:00:19Z [INFO] Handling RunCommand (request_id=1d6b5f2a-cb1e-46aa-aef4-59b15ebc6cb5, session_id=SessionId(3395227063091197167)): command=" cd /home/umax &&  find -L . -maxdepth 1 -type d -print0 && printf '%b' '\\0' && find -L . -maxdepth 1 -not -type d -print0             ", cwd=None
2026-08-18T15:00:19Z [INFO] RunCommand completed (request_id=52ddfacb-8732-4aa6-a937-5d824d8499e7): exit_code=Some(ExitCode(1)), stdout_len=0, stderr_len=65
2026-08-18T15:00:19Z [INFO] RunCommand completed (request_id=d4cda62a-029f-4759-9b34-e1a9461d2129): exit_code=Some(ExitCode(1)), stdout_len=0, stderr_len=65
2026-08-18T15:00:19Z [INFO] RunCommand completed (request_id=6c35dedc-141f-4ccb-8b83-85671e88eec5): exit_code=Some(ExitCode(1)), stdout_len=0, stderr_len=65
2026-08-18T15:00:19Z [INFO] RunCommand completed (request_id=e6b41a44-b440-423f-8919-e4303701a834): exit_code=Some(ExitCode(1)), stdout_len=0, stderr_len=65
2026-08-18T15:00:19Z [INFO] RunCommand completed (request_id=631dcf8d-8e8e-494d-bb1f-fa03d1a7fd82): exit_code=Some(ExitCode(1)), stdout_len=0, stderr_len=65
2026-08-18T15:00:19Z [INFO] RunCommand completed (request_id=d9abf676-5e9c-4e2b-b0fb-84704a3b3408): exit_code=Some(ExitCode(1)), stdout_len=0, stderr_len=65
2026-08-18T15:00:19Z [INFO] RunCommand completed (request_id=48e10f7d-ecf7-4f2b-a1e6-32f95956c98b): exit_code=Some(ExitCode(127)), stdout_len=0, stderr_len=50
2026-08-18T15:00:19Z [INFO] RunCommand completed (request_id=1d6b5f2a-cb1e-46aa-aef4-59b15ebc6cb5): exit_code=Some(ExitCode(1)), stdout_len=0, stderr_len=65
2026-08-18T15:00:19Z [INFO] RunCommand completed (request_id=5baab66a-3ff9-41de-9f78-f82509aae26d): exit_code=Some(ExitCode(129)), stdout_len=0, stderr_len=7365
2026-08-18T15:00:19Z [INFO] RunCommand completed (request_id=45357add-0fd4-42af-b913-7a79d1c06dc7): exit_code=Some(ExitCode(128)), stdout_len=2, stderr_len=278
2026-08-18T15:00:19Z [WARN] Failed to detect main branch: Git command failed: fatal: not a git repository (or any parent up to mount point /)
Stopping at filesystem boundary (GIT_DISCOVERY_ACROSS_FILESYSTEM not set).
, 
2026-08-18T15:00:19Z [INFO] Handling RunCommand (request_id=b5ca1a44-5063-4585-9c93-d88b53febc4a, session_id=SessionId(3395227063091197167)): command=" cd /home/umax &&  find -L . -maxdepth 1 -type d -print0 && printf '%b' '\\0' && find -L . -maxdepth 1 -not -type d -print0             ", cwd=None
2026-08-18T15:00:19Z [INFO] Handling RunCommand (request_id=bc5f98b3-734b-4bb8-8a5f-561cd737a256, session_id=SessionId(3395227063091197167)): command=" cd /home/umax &&  find -L . -maxdepth 1 -type d -print0 && printf '%b' '\\0' && find -L . -maxdepth 1 -not -type d -print0             ", cwd=None
2026-08-18T15:00:19Z [INFO] RunCommand completed (request_id=b5ca1a44-5063-4585-9c93-d88b53febc4a): exit_code=Some(ExitCode(1)), stdout_len=0, stderr_len=65
2026-08-18T15:00:19Z [INFO] RunCommand completed (request_id=bc5f98b3-734b-4bb8-8a5f-561cd737a256): exit_code=Some(ExitCode(1)), stdout_len=0, stderr_len=65
2026-08-18T15:00:21Z [INFO] RunCommand completed (request_id=2c546d04-4c72-4848-b014-a0bd34cac274): exit_code=Some(ExitCode(0)), stdout_len=52950, stderr_len=0
2026-08-18T15:00:21Z [INFO] Handling RunCommand (request_id=95585912-b7f9-4064-8a07-27b395fd41ca, session_id=SessionId(3395227063091197167)): command=" cd /home/umax &&  find -L . -maxdepth 1 -type d -print0 && printf '%b' '\\0' && find -L . -maxdepth 1 -not -type d -print0             ", cwd=None
2026-08-18T15:00:21Z [INFO] Handling RunCommand (request_id=f13c2885-7288-47b1-8346-ca763c47710f, session_id=SessionId(3395227063091197167)): command=" cd /home/umax &&  find -L . -maxdepth 1 -type d -print0 && printf '%b' '\\0' && find -L . -maxdepth 1 -not -type d -print0             ", cwd=None
2026-08-18T15:00:21Z [INFO] Handling RunCommand (request_id=7631d6eb-83f7-4227-a71a-52980ba9dbff, session_id=SessionId(3395227063091197167)): command=" cd /home/umax &&  find -L . -maxdepth 1 -type d -print0 && printf '%b' '\\0' && find -L . -maxdepth 1 -not -type d -print0             ", cwd=None
2026-08-18T15:00:21Z [INFO] Handling RunCommand (request_id=b245f5d6-4c12-4e70-b542-156e0d23e34a, session_id=SessionId(3395227063091197167)): command="git --no-optional-locks branch --no-color --sort=-committerdate; printf '\\036\\n'; git --no-optional-locks worktree list --porcelain", cwd=Some("/home/iac-666660")
2026-08-18T15:00:21Z [INFO] Handling RunCommand (request_id=31af0c6c-24d2-486e-9047-eea6a4f1a4e9, session_id=SessionId(3395227063091197167)): command="GIT_OPTIONAL_LOCKS=0 git -c diff.autoRefreshIndex=false diff --shortstat HEAD", cwd=Some("/home/iac-666660")
2026-08-18T15:00:21Z [INFO] RunCommand completed (request_id=95585912-b7f9-4064-8a07-27b395fd41ca): exit_code=Some(ExitCode(1)), stdout_len=0, stderr_len=65
2026-08-18T15:00:21Z [INFO] RunCommand completed (request_id=f13c2885-7288-47b1-8346-ca763c47710f): exit_code=Some(ExitCode(1)), stdout_len=0, stderr_len=65
2026-08-18T15:00:21Z [INFO] RunCommand completed (request_id=7631d6eb-83f7-4227-a71a-52980ba9dbff): exit_code=Some(ExitCode(1)), stdout_len=0, stderr_len=65
2026-08-18T15:00:21Z [INFO] RunCommand completed (request_id=31af0c6c-24d2-486e-9047-eea6a4f1a4e9): exit_code=Some(ExitCode(129)), stdout_len=0, stderr_len=7365
2026-08-18T15:00:21Z [INFO] RunCommand completed (request_id=b245f5d6-4c12-4e70-b542-156e0d23e34a): exit_code=Some(ExitCode(128)), stdout_len=2, stderr_len=278
2026-08-18T15:00:45Z [INFO] Handling RunCommand (request_id=91ad0850-843c-4db2-9c43-a11b313c31b8, session_id=SessionId(3395227063091197167)): command=" cd /home/iac-666660 &&  find -L . -maxdepth 1 -type d -print0 && printf '%b' '\\0' && find -L . -maxdepth 1 -not -type d -print0             ", cwd=None
2026-08-18T15:00:45Z [INFO] RunCommand completed (request_id=91ad0850-843c-4db2-9c43-a11b313c31b8): exit_code=Some(ExitCode(0)), stdout_len=116, stderr_len=0
2026-08-18T15:00:46Z [INFO] Handling RunCommand (request_id=f67096ec-4b21-4088-be02-ca1623b7318e, session_id=SessionId(3395227063091197167)): command=" cd /home/umax &&  find -L . -maxdepth 1 -type d -print0 && printf '%b' '\\0' && find -L . -maxdepth 1 -not -type d -print0             ", cwd=None
2026-08-18T15:00:46Z [INFO] Handling RunCommand (request_id=ca5bda20-981e-4655-badf-5774416cfae1, session_id=SessionId(3395227063091197167)): command=" cd /home/umax &&  find -L . -maxdepth 1 -type d -print0 && printf '%b' '\\0' && find -L . -maxdepth 1 -not -type d -print0             ", cwd=None
2026-08-18T15:00:46Z [INFO] Handling RunCommand (request_id=4f6a3347-5cd8-430e-9280-367c0b88f80a, session_id=SessionId(3395227063091197167)): command=" cd /home/umax &&  find -L . -maxdepth 1 -type d -print0 && printf '%b' '\\0' && find -L . -maxdepth 1 -not -type d -print0             ", cwd=None
2026-08-18T15:00:46Z [INFO] Handling RunCommand (request_id=14c5dee3-bffe-4fe1-bc09-fd09fb782bdb, session_id=SessionId(3395227063091197167)): command=" cd /home/umax &&  find -L . -maxdepth 1 -type d -print0 && printf '%b' '\\0' && find -L . -maxdepth 1 -not -type d -print0             ", cwd=None
2026-08-18T15:00:46Z [INFO] Handling RunCommand (request_id=678073f1-0e74-46b9-a329-dbde0c64c054, session_id=SessionId(3395227063091197167)): command=" cd /home/umax &&  find -L . -maxdepth 1 -type d -print0 && printf '%b' '\\0' && find -L . -maxdepth 1 -not -type d -print0             ", cwd=None
2026-08-18T15:00:46Z [INFO] Handling RunCommand (request_id=2700c5b6-b9cd-4ca0-9569-cbf6b0c01bee, session_id=SessionId(3395227063091197167)): command=" cd /home/umax &&  find -L . -maxdepth 1 -type d -print0 && printf '%b' '\\0' && find -L . -maxdepth 1 -not -type d -print0             ", cwd=None
2026-08-18T15:00:46Z [INFO] Handling RunCommand (request_id=d18fb5d6-46b8-4d59-88c4-3dfc72080259, session_id=SessionId(3395227063091197167)): command="git --no-optional-locks branch --no-color --sort=-committerdate; printf '\\036\\n'; git --no-optional-locks worktree list --porcelain", cwd=Some("/home/iac-666660")
2026-08-18T15:00:46Z [INFO] Handling RunCommand (request_id=4a79532e-f06c-4467-8427-eec7126e5a3a, session_id=SessionId(3395227063091197167)): command="GIT_OPTIONAL_LOCKS=0 git -c diff.autoRefreshIndex=false diff --shortstat HEAD", cwd=Some("/home/iac-666660")
2026-08-18T15:00:46Z [INFO] Handling RunCommand (request_id=14a91ed2-64e7-488a-a3c3-843ede09a270, session_id=SessionId(3395227063091197167)): command="git --no-optional-locks branch --no-color", cwd=Some("/home/iac-666660")
2026-08-18T15:00:46Z [INFO] RunCommand completed (request_id=14c5dee3-bffe-4fe1-bc09-fd09fb782bdb): exit_code=Some(ExitCode(1)), stdout_len=0, stderr_len=65
2026-08-18T15:00:46Z [INFO] RunCommand completed (request_id=f67096ec-4b21-4088-be02-ca1623b7318e): exit_code=Some(ExitCode(1)), stdout_len=0, stderr_len=65
2026-08-18T15:00:46Z [INFO] RunCommand completed (request_id=4f6a3347-5cd8-430e-9280-367c0b88f80a): exit_code=Some(ExitCode(1)), stdout_len=0, stderr_len=65
2026-08-18T15:00:46Z [INFO] RunCommand completed (request_id=ca5bda20-981e-4655-badf-5774416cfae1): exit_code=Some(ExitCode(1)), stdout_len=0, stderr_len=65
2026-08-18T15:00:46Z [INFO] RunCommand completed (request_id=2700c5b6-b9cd-4ca0-9569-cbf6b0c01bee): exit_code=Some(ExitCode(1)), stdout_len=0, stderr_len=65
2026-08-18T15:00:46Z [INFO] RunCommand completed (request_id=678073f1-0e74-46b9-a329-dbde0c64c054): exit_code=Some(ExitCode(1)), stdout_len=0, stderr_len=65
2026-08-18T15:00:46Z [INFO] RunCommand completed (request_id=d18fb5d6-46b8-4d59-88c4-3dfc72080259): exit_code=Some(ExitCode(128)), stdout_len=2, stderr_len=278
2026-08-18T15:00:46Z [INFO] RunCommand completed (request_id=14a91ed2-64e7-488a-a3c3-843ede09a270): exit_code=Some(ExitCode(128)), stdout_len=0, stderr_len=139
2026-08-18T15:00:46Z [INFO] RunCommand completed (request_id=4a79532e-f06c-4467-8427-eec7126e5a3a): exit_code=Some(ExitCode(129)), stdout_len=0, stderr_len=7365
2026-08-18T15:00:48Z [INFO] Handling RunCommand (request_id=9cc20b0e-7c3e-4bf0-b11b-93b9a296622b, session_id=SessionId(3395227063091197167)): command=" cd /home/umax &&  find -L . -maxdepth 1 -type d -print0 && printf '%b' '\\0' && find -L . -maxdepth 1 -not -type d -print0             ", cwd=None
2026-08-18T15:00:48Z [INFO] Handling RunCommand (request_id=55c9bd8e-53fd-4c03-bd58-5b3c13fd2dfa, session_id=SessionId(3395227063091197167)): command=" cd /home/umax &&  find -L . -maxdepth 1 -type d -print0 && printf '%b' '\\0' && find -L . -maxdepth 1 -not -type d -print0             ", cwd=None
2026-08-18T15:00:48Z [INFO] Handling RunCommand (request_id=72109d14-806b-4ef7-ac2c-05cdc09992f6, session_id=SessionId(3395227063091197167)): command=" cd /home/umax &&  find -L . -maxdepth 1 -type d -print0 && printf '%b' '\\0' && find -L . -maxdepth 1 -not -type d -print0             ", cwd=None
2026-08-18T15:00:48Z [INFO] Handling RunCommand (request_id=17581126-1b55-4693-9883-57ac91e4860e, session_id=SessionId(3395227063091197167)): command=" cd /home/umax &&  find -L . -maxdepth 1 -type d -print0 && printf '%b' '\\0' && find -L . -maxdepth 1 -not -type d -print0             ", cwd=None
2026-08-18T15:00:48Z [INFO] Handling RunCommand (request_id=a06d8106-bee1-4d64-a04b-39edf67eb1b7, session_id=SessionId(3395227063091197167)): command=" cd /home/umax &&  find -L . -maxdepth 1 -type d -print0 && printf '%b' '\\0' && find -L . -maxdepth 1 -not -type d -print0             ", cwd=None
2026-08-18T15:00:48Z [INFO] Handling RunCommand (request_id=e972e059-932e-47bb-8d01-7e653939e86a, session_id=SessionId(3395227063091197167)): command=" cd /home/umax &&  find -L . -maxdepth 1 -type d -print0 && printf '%b' '\\0' && find -L . -maxdepth 1 -not -type d -print0             ", cwd=None
2026-08-18T15:00:48Z [INFO] Handling RunCommand (request_id=87914fd1-d602-49e2-9e19-9efabd75fdb1, session_id=SessionId(3395227063091197167)): command="git --no-optional-locks branch --no-color --sort=-committerdate; printf '\\036\\n'; git --no-optional-locks worktree list --porcelain", cwd=Some("/home/iac-666660")
2026-08-18T15:00:48Z [INFO] Handling RunCommand (request_id=fd48cfb1-bb25-44b2-933a-b13741e7c20d, session_id=SessionId(3395227063091197167)): command="GIT_OPTIONAL_LOCKS=0 git -c diff.autoRefreshIndex=false diff --shortstat HEAD", cwd=Some("/home/iac-666660")
2026-08-18T15:00:48Z [INFO] Handling RunCommand (request_id=15d06ca7-3bee-49ab-8561-63f472b22874, session_id=SessionId(3395227063091197167)): command="git --no-optional-locks branch --no-color", cwd=Some("/home/iac-666660")
2026-08-18T15:00:48Z [INFO] RunCommand completed (request_id=9cc20b0e-7c3e-4bf0-b11b-93b9a296622b): exit_code=Some(ExitCode(1)), stdout_len=0, stderr_len=65
2026-08-18T15:00:48Z [INFO] RunCommand completed (request_id=55c9bd8e-53fd-4c03-bd58-5b3c13fd2dfa): exit_code=Some(ExitCode(1)), stdout_len=0, stderr_len=65
2026-08-18T15:00:48Z [INFO] RunCommand completed (request_id=72109d14-806b-4ef7-ac2c-05cdc09992f6): exit_code=Some(ExitCode(1)), stdout_len=0, stderr_len=65
2026-08-18T15:00:48Z [INFO] RunCommand completed (request_id=17581126-1b55-4693-9883-57ac91e4860e): exit_code=Some(ExitCode(1)), stdout_len=0, stderr_len=65
2026-08-18T15:00:48Z [INFO] RunCommand completed (request_id=a06d8106-bee1-4d64-a04b-39edf67eb1b7): exit_code=Some(ExitCode(1)), stdout_len=0, stderr_len=65
2026-08-18T15:00:48Z [INFO] RunCommand completed (request_id=e972e059-932e-47bb-8d01-7e653939e86a): exit_code=Some(ExitCode(1)), stdout_len=0, stderr_len=65
2026-08-18T15:00:48Z [INFO] RunCommand completed (request_id=15d06ca7-3bee-49ab-8561-63f472b22874): exit_code=Some(ExitCode(128)), stdout_len=0, stderr_len=139
2026-08-18T15:00:48Z [INFO] RunCommand completed (request_id=fd48cfb1-bb25-44b2-933a-b13741e7c20d): exit_code=Some(ExitCode(129)), stdout_len=0, stderr_len=7365
2026-08-18T15:00:48Z [INFO] RunCommand completed (request_id=87914fd1-d602-49e2-9e19-9efabd75fdb1): exit_code=Some(ExitCode(128)), stdout_len=2, stderr_len=278
2026-08-18T15:00:49Z [INFO] Start to send telemetry events to RudderStack
2026-08-18T15:00:50Z [INFO] Handling RunCommand (request_id=928f5e1a-4b82-4dc9-a7b5-52a776d4d3b7, session_id=SessionId(3395227063091197167)): command=" cd /home/iac-666660 &&  find -L . -maxdepth 1 -type d -print0 && printf '%b' '\\0' && find -L . -maxdepth 1 -not -type d -print0             ", cwd=None
2026-08-18T15:00:50Z [INFO] RunCommand completed (request_id=928f5e1a-4b82-4dc9-a7b5-52a776d4d3b7): exit_code=Some(ExitCode(0)), stdout_len=116, stderr_len=0
2026-08-18T15:00:50Z [INFO] Handling RunCommand (request_id=cd19a790-fc11-4dcc-9e73-079fc7008be9, session_id=SessionId(3395227063091197167)): command=" cd /home/iac-666660 &&  find -L . -maxdepth 1 -type d -print0 && printf '%b' '\\0' && find -L . -maxdepth 1 -not -type d -print0             ", cwd=None
2026-08-18T15:00:50Z [INFO] RunCommand completed (request_id=cd19a790-fc11-4dcc-9e73-079fc7008be9): exit_code=Some(ExitCode(0)), stdout_len=116, stderr_len=0
2026-08-18T15:00:50Z [INFO] Handling RunCommand (request_id=f7d9b7c9-ea23-4e79-90fa-ac8d5da45020, session_id=SessionId(3395227063091197167)): command=" cd /home/iac-666660 &&  find -L . -maxdepth 1 -type d -print0 && printf '%b' '\\0' && find -L . -maxdepth 1 -not -type d -print0             ", cwd=None
2026-08-18T15:00:50Z [INFO] RunCommand completed (request_id=f7d9b7c9-ea23-4e79-90fa-ac8d5da45020): exit_code=Some(ExitCode(0)), stdout_len=116, stderr_len=0
2026-08-18T15:00:51Z [INFO] Handling RunCommand (request_id=cdcd9958-4e43-4335-9c28-aa29077adbcb, session_id=SessionId(3395227063091197167)): command=" cd /home/iac-666660/html/ &&  find -L . -maxdepth 1 -type d -print0 && printf '%b' '\\0' && find -L . -maxdepth 1 -not -type d -print0             ", cwd=None
2026-08-18T15:00:51Z [INFO] Handling RunCommand (request_id=ea8f22b4-e43c-4cc2-86db-cfbc28302aef, session_id=SessionId(3395227063091197167)): command=" cd /home/iac-666660 &&  find -L . -maxdepth 1 -type d -print0 && printf '%b' '\\0' && find -L . -maxdepth 1 -not -type d -print0             ", cwd=None
2026-08-18T15:00:51Z [INFO] RunCommand completed (request_id=cdcd9958-4e43-4335-9c28-aa29077adbcb): exit_code=Some(ExitCode(0)), stdout_len=100, stderr_len=0
2026-08-18T15:00:51Z [INFO] RunCommand completed (request_id=ea8f22b4-e43c-4cc2-86db-cfbc28302aef): exit_code=Some(ExitCode(0)), stdout_len=116, stderr_len=0
2026-08-18T15:00:51Z [INFO] Handling NavigatedToDirectory path=/home/iac-666660/html (request_id=83fbcbfd-e12e-458a-b0eb-052ccdfe23c2)
2026-08-18T15:00:51Z [INFO] Handling RunCommand (request_id=674d5a91-31de-4862-a186-91e85ab9e3d8, session_id=SessionId(3395227063091197167)): command=" cd /home/umax &&  find -L . -maxdepth 1 -type d -print0 && printf '%b' '\\0' && find -L . -maxdepth 1 -not -type d -print0             ", cwd=None
2026-08-18T15:00:51Z [INFO] Handling RunCommand (request_id=56b174cf-9bbb-4211-8ec0-0c3cbc868f53, session_id=SessionId(3395227063091197167)): command=" cd /home/umax &&  find -L . -maxdepth 1 -type d -print0 && printf '%b' '\\0' && find -L . -maxdepth 1 -not -type d -print0             ", cwd=None
2026-08-18T15:00:51Z [INFO] Handling RunCommand (request_id=ac0d4f5c-a458-4b3b-a61d-fa4291a190ab, session_id=SessionId(3395227063091197167)): command=" cd /home/umax &&  find -L . -maxdepth 1 -type d -print0 && printf '%b' '\\0' && find -L . -maxdepth 1 -not -type d -print0             ", cwd=None
2026-08-18T15:00:51Z [INFO] Handling UnsubscribeDiffState repo=/home/iac-666660 mode=Head conn=3c782523-aa89-4030-8d42-0982c09db65c
2026-08-18T15:00:51Z [INFO] Handling GetDiffState repo=/home/iac-666660/html mode=Head (request_id=93c23515-dd25-48eb-817b-6bdddc945d24)
2026-08-18T15:00:51Z [INFO] Handling GetBranches repo=/home/iac-666660/html (request_id=54b2e5da-0a5c-4ea2-9a44-a9f40fbc79b9)
2026-08-18T15:00:51Z [INFO] Handling RunCommand (request_id=2f182752-fa4a-4dad-9ae5-049c22726392, session_id=SessionId(3395227063091197167)): command=" cd /home/umax &&  find -L . -maxdepth 1 -type d -print0 && printf '%b' '\\0' && find -L . -maxdepth 1 -not -type d -print0             ", cwd=None
2026-08-18T15:00:51Z [INFO] Handling RunCommand (request_id=fe0b04b5-3645-4af8-981c-32c3f31e09eb, session_id=SessionId(3395227063091197167)): command=" cd /home/umax &&  find -L . -maxdepth 1 -type d -print0 && printf '%b' '\\0' && find -L . -maxdepth 1 -not -type d -print0             ", cwd=None
2026-08-18T15:00:51Z [INFO] Handling RunCommand (request_id=43c17ab6-1b99-4b07-b140-110f9852852e, session_id=SessionId(3395227063091197167)): command=" cd /home/umax &&  find -L . -maxdepth 1 -type d -print0 && printf '%b' '\\0' && find -L . -maxdepth 1 -not -type d -print0             ", cwd=None
2026-08-18T15:00:51Z [INFO] Handling RunCommand (request_id=84697c3a-2f43-42a7-a278-1789cadae62e, session_id=SessionId(3395227063091197167)): command="git --no-optional-locks branch --no-color --sort=-committerdate; printf '\\036\\n'; git --no-optional-locks worktree list --porcelain", cwd=Some("/home/iac-666660/html")
2026-08-18T15:00:51Z [INFO] Handling RunCommand (request_id=ea5ad70a-6b97-453a-821a-1121a0161a16, session_id=SessionId(3395227063091197167)): command="GIT_OPTIONAL_LOCKS=0 git -c diff.autoRefreshIndex=false diff --shortstat HEAD", cwd=Some("/home/iac-666660/html")
2026-08-18T15:00:51Z [INFO] Handling RunCommand (request_id=f4f1fc5f-99a1-4016-9200-e9df2027b90b, session_id=SessionId(3395227063091197167)): command="git --no-optional-locks branch --no-color", cwd=Some("/home/iac-666660")
2026-08-18T15:00:51Z [INFO] RunCommand completed (request_id=674d5a91-31de-4862-a186-91e85ab9e3d8): exit_code=Some(ExitCode(1)), stdout_len=0, stderr_len=65
2026-08-18T15:00:51Z [INFO] Handling RunCommand (request_id=1cdaf0b7-6c5e-495c-9b87-222a07b73b7b, session_id=SessionId(3395227063091197167)): command=" cd /home/umax/html &&  find -L . -maxdepth 1 -type d -print0 && printf '%b' '\\0' && find -L . -maxdepth 1 -not -type d -print0             ", cwd=None
2026-08-18T15:00:51Z [INFO] RunCommand completed (request_id=56b174cf-9bbb-4211-8ec0-0c3cbc868f53): exit_code=Some(ExitCode(1)), stdout_len=0, stderr_len=65
2026-08-18T15:00:51Z [INFO] RunCommand completed (request_id=ac0d4f5c-a458-4b3b-a61d-fa4291a190ab): exit_code=Some(ExitCode(1)), stdout_len=0, stderr_len=65
2026-08-18T15:00:51Z [INFO] RunCommand completed (request_id=2f182752-fa4a-4dad-9ae5-049c22726392): exit_code=Some(ExitCode(1)), stdout_len=0, stderr_len=65
2026-08-18T15:00:51Z [INFO] RunCommand completed (request_id=fe0b04b5-3645-4af8-981c-32c3f31e09eb): exit_code=Some(ExitCode(1)), stdout_len=0, stderr_len=65
2026-08-18T15:00:51Z [INFO] RunCommand completed (request_id=43c17ab6-1b99-4b07-b140-110f9852852e): exit_code=Some(ExitCode(1)), stdout_len=0, stderr_len=65
2026-08-18T15:00:51Z [INFO] RunCommand completed (request_id=1cdaf0b7-6c5e-495c-9b87-222a07b73b7b): exit_code=Some(ExitCode(1)), stdout_len=0, stderr_len=70
2026-08-18T15:00:51Z [INFO] RunCommand completed (request_id=f4f1fc5f-99a1-4016-9200-e9df2027b90b): exit_code=Some(ExitCode(128)), stdout_len=0, stderr_len=139
2026-08-18T15:00:51Z [INFO] RunCommand completed (request_id=ea5ad70a-6b97-453a-821a-1121a0161a16): exit_code=Some(ExitCode(129)), stdout_len=0, stderr_len=7365
2026-08-18T15:00:51Z [INFO] RunCommand completed (request_id=84697c3a-2f43-42a7-a278-1789cadae62e): exit_code=Some(ExitCode(128)), stdout_len=2, stderr_len=278
2026-08-18T15:00:51Z [WARN] Failed to detect main branch: Git command failed: fatal: not a git repository (or any parent up to mount point /)
Stopping at filesystem boundary (GIT_DISCOVERY_ACROSS_FILESYSTEM not set).
, 
2026-08-18T15:00:51Z [INFO] Handling RunCommand (request_id=4388d77b-3737-41f1-b89f-be451a9dcb91, session_id=SessionId(3395227063091197167)): command=" cd /home/umax/html &&  find -L . -maxdepth 1 -type d -print0 && printf '%b' '\\0' && find -L . -maxdepth 1 -not -type d -print0             ", cwd=None
2026-08-18T15:00:51Z [INFO] Handling RunCommand (request_id=546dd938-30a9-480c-8332-3d98d76d95f7, session_id=SessionId(3395227063091197167)): command=" cd /home/umax/html &&  find -L . -maxdepth 1 -type d -print0 && printf '%b' '\\0' && find -L . -maxdepth 1 -not -type d -print0             ", cwd=None
2026-08-18T15:00:51Z [INFO] Handling RunCommand (request_id=54821751-0c1a-4586-9ecd-7f495337ef51, session_id=SessionId(3395227063091197167)): command=" cd /home/umax/html &&  find -L . -maxdepth 1 -type d -print0 && printf '%b' '\\0' && find -L . -maxdepth 1 -not -type d -print0             ", cwd=None
2026-08-18T15:00:51Z [INFO] Handling RunCommand (request_id=04b07e38-ce96-4e89-a39f-48addc491630, session_id=SessionId(3395227063091197167)): command=" cd /home/umax/html &&  find -L . -maxdepth 1 -type d -print0 && printf '%b' '\\0' && find -L . -maxdepth 1 -not -type d -print0             ", cwd=None
2026-08-18T15:00:51Z [INFO] RunCommand completed (request_id=4388d77b-3737-41f1-b89f-be451a9dcb91): exit_code=Some(ExitCode(1)), stdout_len=0, stderr_len=70
2026-08-18T15:00:51Z [INFO] RunCommand completed (request_id=546dd938-30a9-480c-8332-3d98d76d95f7): exit_code=Some(ExitCode(1)), stdout_len=0, stderr_len=70
2026-08-18T15:00:51Z [INFO] RunCommand completed (request_id=54821751-0c1a-4586-9ecd-7f495337ef51): exit_code=Some(ExitCode(1)), stdout_len=0, stderr_len=70
2026-08-18T15:00:51Z [INFO] RunCommand completed (request_id=04b07e38-ce96-4e89-a39f-48addc491630): exit_code=Some(ExitCode(1)), stdout_len=0, stderr_len=70
2026-08-18T15:00:52Z [INFO] Handling RunCommand (request_id=d49d2221-3eea-4fe9-8e4f-a14201cbb15d, session_id=SessionId(3395227063091197167)): command=" cd /home/umax/html &&  find -L . -maxdepth 1 -type d -print0 && printf '%b' '\\0' && find -L . -maxdepth 1 -not -type d -print0             ", cwd=None
2026-08-18T15:00:52Z [INFO] Handling RunCommand (request_id=b675f144-3810-46bc-8edb-220b5101365d, session_id=SessionId(3395227063091197167)): command=" cd /home/umax/html &&  find -L . -maxdepth 1 -type d -print0 && printf '%b' '\\0' && find -L . -maxdepth 1 -not -type d -print0             ", cwd=None
2026-08-18T15:00:52Z [INFO] Handling RunCommand (request_id=afbb0ecf-5277-48c2-b9b2-f44ebd75b9a5, session_id=SessionId(3395227063091197167)): command=" cd /home/umax/html &&  find -L . -maxdepth 1 -type d -print0 && printf '%b' '\\0' && find -L . -maxdepth 1 -not -type d -print0             ", cwd=None
2026-08-18T15:00:52Z [INFO] Handling RunCommand (request_id=245ab294-add0-4fae-9c90-6b04f0e05ae6, session_id=SessionId(3395227063091197167)): command=" cd /home/umax/html &&  find -L . -maxdepth 1 -type d -print0 && printf '%b' '\\0' && find -L . -maxdepth 1 -not -type d -print0             ", cwd=None
2026-08-18T15:00:52Z [INFO] Handling RunCommand (request_id=5a04cf5b-f17f-420a-84ae-149b74b4c688, session_id=SessionId(3395227063091197167)): command=" cd /home/umax/html &&  find -L . -maxdepth 1 -type d -print0 && printf '%b' '\\0' && find -L . -maxdepth 1 -not -type d -print0             ", cwd=None
2026-08-18T15:00:52Z [INFO] Handling RunCommand (request_id=00c54b64-556b-4c98-b488-b51d46068559, session_id=SessionId(3395227063091197167)): command=" cd /home/umax/html &&  find -L . -maxdepth 1 -type d -print0 && printf '%b' '\\0' && find -L . -maxdepth 1 -not -type d -print0             ", cwd=None
2026-08-18T15:00:52Z [INFO] Handling RunCommand (request_id=a5002bb4-a969-476f-9369-9f36d2bc1bc7, session_id=SessionId(3395227063091197167)): command="git --no-optional-locks branch --no-color --sort=-committerdate; printf '\\036\\n'; git --no-optional-locks worktree list --porcelain", cwd=Some("/home/iac-666660/html")
2026-08-18T15:00:52Z [INFO] Handling RunCommand (request_id=1795b526-4e54-4895-b44e-4b0ff0f6fe67, session_id=SessionId(3395227063091197167)): command="GIT_OPTIONAL_LOCKS=0 git -c diff.autoRefreshIndex=false diff --shortstat HEAD", cwd=Some("/home/iac-666660/html")
2026-08-18T15:00:52Z [INFO] Handling RunCommand (request_id=bbda8a41-1384-448a-bd76-8edec27d4604, session_id=SessionId(3395227063091197167)): command="git --no-optional-locks branch --no-color", cwd=Some("/home/iac-666660/html")
2026-08-18T15:00:52Z [INFO] RunCommand completed (request_id=d49d2221-3eea-4fe9-8e4f-a14201cbb15d): exit_code=Some(ExitCode(1)), stdout_len=0, stderr_len=70
2026-08-18T15:00:52Z [INFO] RunCommand completed (request_id=b675f144-3810-46bc-8edb-220b5101365d): exit_code=Some(ExitCode(1)), stdout_len=0, stderr_len=70
2026-08-18T15:00:52Z [INFO] RunCommand completed (request_id=afbb0ecf-5277-48c2-b9b2-f44ebd75b9a5): exit_code=Some(ExitCode(1)), stdout_len=0, stderr_len=70
2026-08-18T15:00:52Z [INFO] RunCommand completed (request_id=245ab294-add0-4fae-9c90-6b04f0e05ae6): exit_code=Some(ExitCode(1)), stdout_len=0, stderr_len=70
2026-08-18T15:00:52Z [INFO] RunCommand completed (request_id=00c54b64-556b-4c98-b488-b51d46068559): exit_code=Some(ExitCode(1)), stdout_len=0, stderr_len=70
2026-08-18T15:00:52Z [INFO] RunCommand completed (request_id=5a04cf5b-f17f-420a-84ae-149b74b4c688): exit_code=Some(ExitCode(1)), stdout_len=0, stderr_len=70
2026-08-18T15:00:52Z [INFO] RunCommand completed (request_id=bbda8a41-1384-448a-bd76-8edec27d4604): exit_code=Some(ExitCode(128)), stdout_len=0, stderr_len=139
2026-08-18T15:00:52Z [INFO] RunCommand completed (request_id=1795b526-4e54-4895-b44e-4b0ff0f6fe67): exit_code=Some(ExitCode(129)), stdout_len=0, stderr_len=7365
2026-08-18T15:00:52Z [INFO] RunCommand completed (request_id=a5002bb4-a969-476f-9369-9f36d2bc1bc7): exit_code=Some(ExitCode(128)), stdout_len=2, stderr_len=278
2026-08-18T15:00:55Z [INFO] Handling NavigatedToDirectory path=/home/iac-666660 (request_id=bae2a702-8fa9-4b51-b08d-da2071aa1a3c)
2026-08-18T15:00:55Z [INFO] Handling RunCommand (request_id=d33a0d3d-246b-4edf-8531-378bdf3341b2, session_id=SessionId(3395227063091197167)): command=" cd /home/umax/html &&  find -L . -maxdepth 1 -type d -print0 && printf '%b' '\\0' && find -L . -maxdepth 1 -not -type d -print0             ", cwd=None
2026-08-18T15:00:55Z [INFO] Handling RunCommand (request_id=9b967aa4-30e2-4f63-869a-df123b1fe39d, session_id=SessionId(3395227063091197167)): command=" cd /home/umax/html &&  find -L . -maxdepth 1 -type d -print0 && printf '%b' '\\0' && find -L . -maxdepth 1 -not -type d -print0             ", cwd=None
2026-08-18T15:00:55Z [INFO] Handling RunCommand (request_id=caca5fdd-692a-48d6-8b70-a8d2131cf270, session_id=SessionId(3395227063091197167)): command=" cd /home/umax/html &&  find -L . -maxdepth 1 -type d -print0 && printf '%b' '\\0' && find -L . -maxdepth 1 -not -type d -print0             ", cwd=None
2026-08-18T15:00:55Z [INFO] Handling UnsubscribeDiffState repo=/home/iac-666660/html mode=Head conn=3c782523-aa89-4030-8d42-0982c09db65c
2026-08-18T15:00:55Z [INFO] Handling GetDiffState repo=/home/iac-666660 mode=Head (request_id=998c4cea-2c9f-4934-a953-19be8fe7c376)
2026-08-18T15:00:55Z [INFO] Handling GetBranches repo=/home/iac-666660 (request_id=9cbfd9f2-85eb-49e3-bb46-62db17ec7108)
2026-08-18T15:00:55Z [INFO] Handling RunCommand (request_id=b93d82d7-7d60-4f5c-a8ba-5b7adb253fde, session_id=SessionId(3395227063091197167)): command=" cd /home/umax/html &&  find -L . -maxdepth 1 -type d -print0 && printf '%b' '\\0' && find -L . -maxdepth 1 -not -type d -print0             ", cwd=None
2026-08-18T15:00:55Z [INFO] Handling RunCommand (request_id=7acd0009-7b64-491c-9e99-6cbf9ebdb9b1, session_id=SessionId(3395227063091197167)): command=" cd /home/umax/html &&  find -L . -maxdepth 1 -type d -print0 && printf '%b' '\\0' && find -L . -maxdepth 1 -not -type d -print0             ", cwd=None
2026-08-18T15:00:55Z [INFO] Handling RunCommand (request_id=a80356f8-b905-4a9e-a7ee-de98c044c5ba, session_id=SessionId(3395227063091197167)): command=" cd /home/umax/html &&  find -L . -maxdepth 1 -type d -print0 && printf '%b' '\\0' && find -L . -maxdepth 1 -not -type d -print0             ", cwd=None
2026-08-18T15:00:55Z [INFO] Handling RunCommand (request_id=f0a01665-1e0f-4d07-88bd-96a5811c007e, session_id=SessionId(3395227063091197167)): command="git --no-optional-locks branch --no-color --sort=-committerdate; printf '\\036\\n'; git --no-optional-locks worktree list --porcelain", cwd=Some("/home/iac-666660")
2026-08-18T15:00:55Z [INFO] Handling RunCommand (request_id=254104a8-2484-4bea-9ebd-daaade2c98bb, session_id=SessionId(3395227063091197167)): command="GIT_OPTIONAL_LOCKS=0 git -c diff.autoRefreshIndex=false diff --shortstat HEAD", cwd=Some("/home/iac-666660")
2026-08-18T15:00:55Z [INFO] Handling RunCommand (request_id=61fcaca3-e735-49e8-a992-8a21329dbec3, session_id=SessionId(3395227063091197167)): command="git --no-optional-locks branch --no-color", cwd=Some("/home/iac-666660/html")
2026-08-18T15:00:55Z [INFO] Handling RunCommand (request_id=6099f7c5-313b-40a7-aa24-0cf4e3250f72, session_id=SessionId(3395227063091197167)): command=" cd /home/umax &&  find -L . -maxdepth 1 -type d -print0 && printf '%b' '\\0' && find -L . -maxdepth 1 -not -type d -print0             ", cwd=None
2026-08-18T15:00:55Z [INFO] RunCommand completed (request_id=d33a0d3d-246b-4edf-8531-378bdf3341b2): exit_code=Some(ExitCode(1)), stdout_len=0, stderr_len=70
2026-08-18T15:00:55Z [INFO] RunCommand completed (request_id=9b967aa4-30e2-4f63-869a-df123b1fe39d): exit_code=Some(ExitCode(1)), stdout_len=0, stderr_len=70
2026-08-18T15:00:55Z [INFO] RunCommand completed (request_id=caca5fdd-692a-48d6-8b70-a8d2131cf270): exit_code=Some(ExitCode(1)), stdout_len=0, stderr_len=70
2026-08-18T15:00:55Z [INFO] RunCommand completed (request_id=b93d82d7-7d60-4f5c-a8ba-5b7adb253fde): exit_code=Some(ExitCode(1)), stdout_len=0, stderr_len=70
2026-08-18T15:00:55Z [INFO] RunCommand completed (request_id=7acd0009-7b64-491c-9e99-6cbf9ebdb9b1): exit_code=Some(ExitCode(1)), stdout_len=0, stderr_len=70
2026-08-18T15:00:55Z [INFO] RunCommand completed (request_id=a80356f8-b905-4a9e-a7ee-de98c044c5ba): exit_code=Some(ExitCode(1)), stdout_len=0, stderr_len=70
2026-08-18T15:00:55Z [INFO] RunCommand completed (request_id=6099f7c5-313b-40a7-aa24-0cf4e3250f72): exit_code=Some(ExitCode(1)), stdout_len=0, stderr_len=65
2026-08-18T15:00:55Z [INFO] RunCommand completed (request_id=61fcaca3-e735-49e8-a992-8a21329dbec3): exit_code=Some(ExitCode(128)), stdout_len=0, stderr_len=139
2026-08-18T15:00:55Z [INFO] RunCommand completed (request_id=254104a8-2484-4bea-9ebd-daaade2c98bb): exit_code=Some(ExitCode(129)), stdout_len=0, stderr_len=7365
2026-08-18T15:00:55Z [INFO] RunCommand completed (request_id=f0a01665-1e0f-4d07-88bd-96a5811c007e): exit_code=Some(ExitCode(128)), stdout_len=2, stderr_len=278
2026-08-18T15:00:55Z [WARN] Failed to detect main branch: Git command failed: fatal: not a git repository (or any parent up to mount point /)
Stopping at filesystem boundary (GIT_DISCOVERY_ACROSS_FILESYSTEM not set).
, 
2026-08-18T15:00:55Z [INFO] Handling RunCommand (request_id=2d46a886-4fe8-43bf-bed3-abf48d98a0c6, session_id=SessionId(3395227063091197167)): command=" cd /home/umax &&  find -L . -maxdepth 1 -type d -print0 && printf '%b' '\\0' && find -L . -maxdepth 1 -not -type d -print0             ", cwd=None
2026-08-18T15:00:55Z [INFO] Handling RunCommand (request_id=78e96abf-1034-4e31-91ed-5f520949a637, session_id=SessionId(3395227063091197167)): command=" cd /home/umax &&  find -L . -maxdepth 1 -type d -print0 && printf '%b' '\\0' && find -L . -maxdepth 1 -not -type d -print0             ", cwd=None
2026-08-18T15:00:55Z [INFO] Handling RunCommand (request_id=d59b4560-12a7-412f-904b-3afcf2e0cf39, session_id=SessionId(3395227063091197167)): command=" cd /home/umax &&  find -L . -maxdepth 1 -type d -print0 && printf '%b' '\\0' && find -L . -maxdepth 1 -not -type d -print0             ", cwd=None
2026-08-18T15:00:55Z [INFO] Handling RunCommand (request_id=eacfdb03-f5e2-43e2-ac2f-05670f3a6953, session_id=SessionId(3395227063091197167)): command=" cd /home/umax &&  find -L . -maxdepth 1 -type d -print0 && printf '%b' '\\0' && find -L . -maxdepth 1 -not -type d -print0             ", cwd=None
2026-08-18T15:00:55Z [INFO] RunCommand completed (request_id=2d46a886-4fe8-43bf-bed3-abf48d98a0c6): exit_code=Some(ExitCode(1)), stdout_len=0, stderr_len=65
2026-08-18T15:00:55Z [INFO] RunCommand completed (request_id=78e96abf-1034-4e31-91ed-5f520949a637): exit_code=Some(ExitCode(1)), stdout_len=0, stderr_len=65
2026-08-18T15:00:55Z [INFO] RunCommand completed (request_id=d59b4560-12a7-412f-904b-3afcf2e0cf39): exit_code=Some(ExitCode(1)), stdout_len=0, stderr_len=65
2026-08-18T15:00:55Z [INFO] RunCommand completed (request_id=eacfdb03-f5e2-43e2-ac2f-05670f3a6953): exit_code=Some(ExitCode(1)), stdout_len=0, stderr_len=65
2026-08-18T15:01:03Z [INFO] Handling RunCommand (request_id=42f403a0-9b3f-4fdc-aea7-76ddfc3313dd, session_id=SessionId(3395227063091197167)): command=" cd /home/iac-666660 &&  find -L . -maxdepth 1 -type d -print0 && printf '%b' '\\0' && find -L . -maxdepth 1 -not -type d -print0             ", cwd=None
2026-08-18T15:01:03Z [INFO] Handling RunCommand (request_id=7a40df5b-99df-4d9e-9f1e-e32acda4d277, session_id=SessionId(3395227063091197167)): command=" cd /home/iac-666660 &&  find -L . -maxdepth 1 -type d -print0 && printf '%b' '\\0' && find -L . -maxdepth 1 -not -type d -print0             ", cwd=None
2026-08-18T15:01:03Z [INFO] RunCommand completed (request_id=42f403a0-9b3f-4fdc-aea7-76ddfc3313dd): exit_code=Some(ExitCode(0)), stdout_len=116, stderr_len=0
2026-08-18T15:01:03Z [INFO] RunCommand completed (request_id=7a40df5b-99df-4d9e-9f1e-e32acda4d277): exit_code=Some(ExitCode(0)), stdout_len=116, stderr_len=0
2026-08-18T15:01:03Z [INFO] Handling RunCommand (request_id=1ee67a51-bf01-4c9b-a0fa-b439e9941da1, session_id=SessionId(3395227063091197167)): command=" cd /home/iac-666660 &&  find -L . -maxdepth 1 -type d -print0 && printf '%b' '\\0' && find -L . -maxdepth 1 -not -type d -print0             ", cwd=None
2026-08-18T15:01:03Z [INFO] RunCommand completed (request_id=1ee67a51-bf01-4c9b-a0fa-b439e9941da1): exit_code=Some(ExitCode(0)), stdout_len=116, stderr_len=0
2026-08-18T15:01:03Z [INFO] Handling RunCommand (request_id=9c674716-a362-4d95-a69e-d76fb31f7661, session_id=SessionId(3395227063091197167)): command=" cd /home/iac-666660 &&  find -L . -maxdepth 1 -type d -print0 && printf '%b' '\\0' && find -L . -maxdepth 1 -not -type d -print0             ", cwd=None
2026-08-18T15:01:03Z [INFO] RunCommand completed (request_id=9c674716-a362-4d95-a69e-d76fb31f7661): exit_code=Some(ExitCode(0)), stdout_len=116, stderr_len=0
2026-08-18T15:01:03Z [INFO] Handling RunCommand (request_id=e6de3f7b-640f-4a37-a9a1-64ac889e1656, session_id=SessionId(3395227063091197167)): command=" cd /home/iac-666660 &&  find -L . -maxdepth 1 -type d -print0 && printf '%b' '\\0' && find -L . -maxdepth 1 -not -type d -print0             ", cwd=None
2026-08-18T15:01:03Z [INFO] RunCommand completed (request_id=e6de3f7b-640f-4a37-a9a1-64ac889e1656): exit_code=Some(ExitCode(0)), stdout_len=116, stderr_len=0
2026-08-18T15:01:04Z [INFO] Handling RunCommand (request_id=ca2c8043-4cd8-4972-93b7-91de2e3d2344, session_id=SessionId(3395227063091197167)): command=" cd /home/iac-666660/html/ &&  find -L . -maxdepth 1 -type d -print0 && printf '%b' '\\0' && find -L . -maxdepth 1 -not -type d -print0             ", cwd=None
2026-08-18T15:01:04Z [INFO] RunCommand completed (request_id=ca2c8043-4cd8-4972-93b7-91de2e3d2344): exit_code=Some(ExitCode(0)), stdout_len=100, stderr_len=0
2026-08-18T15:01:04Z [INFO] Handling RunCommand (request_id=9992ee99-6857-4513-9f6c-e1707563b7c0, session_id=SessionId(3395227063091197167)): command=" cd /home/iac-666660 &&  find -L . -maxdepth 1 -type d -print0 && printf '%b' '\\0' && find -L . -maxdepth 1 -not -type d -print0             ", cwd=None
2026-08-18T15:01:04Z [INFO] RunCommand completed (request_id=9992ee99-6857-4513-9f6c-e1707563b7c0): exit_code=Some(ExitCode(0)), stdout_len=116, stderr_len=0
2026-08-18T15:01:04Z [INFO] Handling RunCommand (request_id=b25762fb-4bd1-43ee-9f97-defa8976aa59, session_id=SessionId(3395227063091197167)): command=" cd /home/umax &&  find -L . -maxdepth 1 -type d -print0 && printf '%b' '\\0' && find -L . -maxdepth 1 -not -type d -print0             ", cwd=None
2026-08-18T15:01:04Z [INFO] Handling RunCommand (request_id=77f00863-b745-410c-896d-da19d9779fa8, session_id=SessionId(3395227063091197167)): command=" cd /home/umax &&  find -L . -maxdepth 1 -type d -print0 && printf '%b' '\\0' && find -L . -maxdepth 1 -not -type d -print0             ", cwd=None
2026-08-18T15:01:04Z [INFO] Handling RunCommand (request_id=4c955cb3-f524-4718-bb83-10fde1d176b0, session_id=SessionId(3395227063091197167)): command=" cd /home/umax &&  find -L . -maxdepth 1 -type d -print0 && printf '%b' '\\0' && find -L . -maxdepth 1 -not -type d -print0             ", cwd=None
2026-08-18T15:01:04Z [INFO] Handling RunCommand (request_id=046e4fe0-ff29-4e7d-9e8a-f22f116871d3, session_id=SessionId(3395227063091197167)): command=" cd /home/umax &&  find -L . -maxdepth 1 -type d -print0 && printf '%b' '\\0' && find -L . -maxdepth 1 -not -type d -print0             ", cwd=None
2026-08-18T15:01:04Z [INFO] Handling RunCommand (request_id=66657191-c29c-43a4-8bf9-5e17f001fa57, session_id=SessionId(3395227063091197167)): command=" cd /home/umax &&  find -L . -maxdepth 1 -type d -print0 && printf '%b' '\\0' && find -L . -maxdepth 1 -not -type d -print0             ", cwd=None
2026-08-18T15:01:04Z [INFO] Handling RunCommand (request_id=91049dfe-6acb-4505-b29b-e49cb0f2c4f8, session_id=SessionId(3395227063091197167)): command=" cd /home/umax &&  find -L . -maxdepth 1 -type d -print0 && printf '%b' '\\0' && find -L . -maxdepth 1 -not -type d -print0             ", cwd=None
2026-08-18T15:01:04Z [INFO] Handling RunCommand (request_id=08042387-a3c6-4475-b7ec-d08b5fad62bd, session_id=SessionId(3395227063091197167)): command="git --no-optional-locks branch --no-color --sort=-committerdate; printf '\\036\\n'; git --no-optional-locks worktree list --porcelain", cwd=Some("/home/iac-666660")
2026-08-18T15:01:04Z [INFO] Handling RunCommand (request_id=b3fbd476-4d4b-421b-8f22-5fe5e008d22a, session_id=SessionId(3395227063091197167)): command="GIT_OPTIONAL_LOCKS=0 git -c diff.autoRefreshIndex=false diff --shortstat HEAD", cwd=Some("/home/iac-666660")
2026-08-18T15:01:04Z [INFO] Handling RunCommand (request_id=59a30fb0-4a9b-4a21-b875-193bc1cdc8cd, session_id=SessionId(3395227063091197167)): command="git --no-optional-locks branch --no-color", cwd=Some("/home/iac-666660")
2026-08-18T15:01:04Z [INFO] RunCommand completed (request_id=b25762fb-4bd1-43ee-9f97-defa8976aa59): exit_code=Some(ExitCode(1)), stdout_len=0, stderr_len=65
2026-08-18T15:01:04Z [INFO] RunCommand completed (request_id=77f00863-b745-410c-896d-da19d9779fa8): exit_code=Some(ExitCode(1)), stdout_len=0, stderr_len=65
2026-08-18T15:01:04Z [INFO] RunCommand completed (request_id=4c955cb3-f524-4718-bb83-10fde1d176b0): exit_code=Some(ExitCode(1)), stdout_len=0, stderr_len=65
2026-08-18T15:01:04Z [INFO] RunCommand completed (request_id=046e4fe0-ff29-4e7d-9e8a-f22f116871d3): exit_code=Some(ExitCode(1)), stdout_len=0, stderr_len=65
2026-08-18T15:01:04Z [INFO] RunCommand completed (request_id=66657191-c29c-43a4-8bf9-5e17f001fa57): exit_code=Some(ExitCode(1)), stdout_len=0, stderr_len=65
2026-08-18T15:01:04Z [INFO] RunCommand completed (request_id=91049dfe-6acb-4505-b29b-e49cb0f2c4f8): exit_code=Some(ExitCode(1)), stdout_len=0, stderr_len=65
2026-08-18T15:01:04Z [INFO] RunCommand completed (request_id=59a30fb0-4a9b-4a21-b875-193bc1cdc8cd): exit_code=Some(ExitCode(128)), stdout_len=0, stderr_len=139
2026-08-18T15:01:04Z [INFO] RunCommand completed (request_id=b3fbd476-4d4b-421b-8f22-5fe5e008d22a): exit_code=Some(ExitCode(129)), stdout_len=0, stderr_len=7365
2026-08-18T15:01:04Z [INFO] RunCommand completed (request_id=08042387-a3c6-4475-b7ec-d08b5fad62bd): exit_code=Some(ExitCode(128)), stdout_len=2, stderr_len=278
2026-08-18T15:01:08Z [INFO] Handling RunCommand (request_id=16ec1aa1-982c-4c85-a906-3693fe21e65d, session_id=SessionId(3395227063091197167)): command=" cd /home/iac-666660 &&  find -L . -maxdepth 1 -type d -print0 && printf '%b' '\\0' && find -L . -maxdepth 1 -not -type d -print0             ", cwd=None
2026-08-18T15:01:08Z [INFO] RunCommand completed (request_id=16ec1aa1-982c-4c85-a906-3693fe21e65d): exit_code=Some(ExitCode(0)), stdout_len=116, stderr_len=0
2026-08-18T15:01:09Z [INFO] Handling RunCommand (request_id=3967d800-08e4-4af3-89f9-fd6cfebbc834, session_id=SessionId(3395227063091197167)): command=" cd /home/iac-666660 &&  find -L . -maxdepth 1 -type d -print0 && printf '%b' '\\0' && find -L . -maxdepth 1 -not -type d -print0             ", cwd=None
2026-08-18T15:01:09Z [INFO] RunCommand completed (request_id=3967d800-08e4-4af3-89f9-fd6cfebbc834): exit_code=Some(ExitCode(0)), stdout_len=116, stderr_len=0
2026-08-18T15:01:09Z [INFO] Handling RunCommand (request_id=b17b9260-e9de-4e42-9783-8cd8b2ebdb62, session_id=SessionId(3395227063091197167)): command=" cd /home/iac-666660 &&  find -L . -maxdepth 1 -type d -print0 && printf '%b' '\\0' && find -L . -maxdepth 1 -not -type d -print0             ", cwd=None
2026-08-18T15:01:09Z [INFO] RunCommand completed (request_id=b17b9260-e9de-4e42-9783-8cd8b2ebdb62): exit_code=Some(ExitCode(0)), stdout_len=116, stderr_len=0
2026-08-18T15:01:10Z [INFO] Handling RunCommand (request_id=e1e7ac03-87dc-4571-9a20-9f70aafcb583, session_id=SessionId(3395227063091197167)): command=" cd /home/iac-666660 &&  find -L . -maxdepth 1 -type d -print0 && printf '%b' '\\0' && find -L . -maxdepth 1 -not -type d -print0             ", cwd=None
2026-08-18T15:01:10Z [INFO] RunCommand completed (request_id=e1e7ac03-87dc-4571-9a20-9f70aafcb583): exit_code=Some(ExitCode(0)), stdout_len=116, stderr_len=0
2026-08-18T15:01:12Z [INFO] Handling RunCommand (request_id=8bb631ed-5b81-4598-9dae-ed95e96f330f, session_id=SessionId(3395227063091197167)): command=" cd /home/iac-666660 &&  find -L . -maxdepth 1 -type d -print0 && printf '%b' '\\0' && find -L . -maxdepth 1 -not -type d -print0             ", cwd=None
2026-08-18T15:01:12Z [INFO] RunCommand completed (request_id=8bb631ed-5b81-4598-9dae-ed95e96f330f): exit_code=Some(ExitCode(0)), stdout_len=116, stderr_len=0
2026-08-18T15:01:16Z [INFO] Handling RunCommand (request_id=99f841c4-0ec6-48d1-ad95-7963923e3faa, session_id=SessionId(3395227063091197167)): command=" cd /home/umax &&  find -L . -maxdepth 1 -type d -print0 && printf '%b' '\\0' && find -L . -maxdepth 1 -not -type d -print0             ", cwd=None
2026-08-18T15:01:16Z [INFO] Handling RunCommand (request_id=431cdc7a-44ee-4f53-9492-97defcd5c1a6, session_id=SessionId(3395227063091197167)): command=" cd /home/umax &&  find -L . -maxdepth 1 -type d -print0 && printf '%b' '\\0' && find -L . -maxdepth 1 -not -type d -print0             ", cwd=None
2026-08-18T15:01:16Z [INFO] Handling RunCommand (request_id=34a04e1d-b947-4e91-9d68-ab6e17f25646, session_id=SessionId(3395227063091197167)): command=" cd /home/umax &&  find -L . -maxdepth 1 -type d -print0 && printf '%b' '\\0' && find -L . -maxdepth 1 -not -type d -print0             ", cwd=None
2026-08-18T15:01:16Z [INFO] Handling RunCommand (request_id=6cac7063-a013-45b9-9708-31ab18047c27, session_id=SessionId(3395227063091197167)): command=" cd /home/umax &&  find -L . -maxdepth 1 -type d -print0 && printf '%b' '\\0' && find -L . -maxdepth 1 -not -type d -print0             ", cwd=None
2026-08-18T15:01:16Z [INFO] Handling RunCommand (request_id=76caa1e9-c2ee-4a2f-8a55-f95f3394b63e, session_id=SessionId(3395227063091197167)): command=" cd /home/umax &&  find -L . -maxdepth 1 -type d -print0 && printf '%b' '\\0' && find -L . -maxdepth 1 -not -type d -print0             ", cwd=None
2026-08-18T15:01:16Z [INFO] Handling RunCommand (request_id=1cd5a66d-0085-4a95-8c99-0ed9bdfec13c, session_id=SessionId(3395227063091197167)): command=" cd /home/umax &&  find -L . -maxdepth 1 -type d -print0 && printf '%b' '\\0' && find -L . -maxdepth 1 -not -type d -print0             ", cwd=None
2026-08-18T15:01:16Z [INFO] Handling RunCommand (request_id=363ad22e-02cb-4a68-b3de-594dd9235f5c, session_id=SessionId(3395227063091197167)): command="git --no-optional-locks branch --no-color --sort=-committerdate; printf '\\036\\n'; git --no-optional-locks worktree list --porcelain", cwd=Some("/home/iac-666660")
2026-08-18T15:01:16Z [INFO] Handling RunCommand (request_id=75837b27-14a3-4fbd-a886-b1a6643101c5, session_id=SessionId(3395227063091197167)): command="GIT_OPTIONAL_LOCKS=0 git -c diff.autoRefreshIndex=false diff --shortstat HEAD", cwd=Some("/home/iac-666660")
2026-08-18T15:01:16Z [INFO] Handling RunCommand (request_id=dda2f668-6b5c-4681-9c77-fa0b70ec3ae7, session_id=SessionId(3395227063091197167)): command="git --no-optional-locks branch --no-color", cwd=Some("/home/iac-666660")
2026-08-18T15:01:16Z [INFO] RunCommand completed (request_id=99f841c4-0ec6-48d1-ad95-7963923e3faa): exit_code=Some(ExitCode(1)), stdout_len=0, stderr_len=65
2026-08-18T15:01:16Z [INFO] RunCommand completed (request_id=431cdc7a-44ee-4f53-9492-97defcd5c1a6): exit_code=Some(ExitCode(1)), stdout_len=0, stderr_len=65
2026-08-18T15:01:16Z [INFO] RunCommand completed (request_id=34a04e1d-b947-4e91-9d68-ab6e17f25646): exit_code=Some(ExitCode(1)), stdout_len=0, stderr_len=65
2026-08-18T15:01:16Z [INFO] RunCommand completed (request_id=76caa1e9-c2ee-4a2f-8a55-f95f3394b63e): exit_code=Some(ExitCode(1)), stdout_len=0, stderr_len=65
2026-08-18T15:01:16Z [INFO] RunCommand completed (request_id=6cac7063-a013-45b9-9708-31ab18047c27): exit_code=Some(ExitCode(1)), stdout_len=0, stderr_len=65
2026-08-18T15:01:16Z [INFO] RunCommand completed (request_id=1cd5a66d-0085-4a95-8c99-0ed9bdfec13c): exit_code=Some(ExitCode(1)), stdout_len=0, stderr_len=65
2026-08-18T15:01:16Z [INFO] RunCommand completed (request_id=dda2f668-6b5c-4681-9c77-fa0b70ec3ae7): exit_code=Some(ExitCode(128)), stdout_len=0, stderr_len=139
2026-08-18T15:01:16Z [INFO] RunCommand completed (request_id=75837b27-14a3-4fbd-a886-b1a6643101c5): exit_code=Some(ExitCode(129)), stdout_len=0, stderr_len=7365
2026-08-18T15:01:16Z [INFO] RunCommand completed (request_id=363ad22e-02cb-4a68-b3de-594dd9235f5c): exit_code=Some(ExitCode(128)), stdout_len=2, stderr_len=278
2026-08-18T15:01:35Z [INFO] Handling RunCommand (request_id=e76b7787-f97e-4e96-ab85-f5efce9e6926, session_id=SessionId(3395227063091197167)): command=" cd /home/iac-666660 &&  find -L . -maxdepth 1 -type d -print0 && printf '%b' '\\0' && find -L . -maxdepth 1 -not -type d -print0             ", cwd=None
2026-08-18T15:01:35Z [INFO] Handling RunCommand (request_id=7cba7acd-4f02-4411-9888-faeea64a39d5, session_id=SessionId(3395227063091197167)): command=" cd /home/iac-666660 &&  find -L . -maxdepth 1 -type d -print0 && printf '%b' '\\0' && find -L . -maxdepth 1 -not -type d -print0             ", cwd=None
2026-08-18T15:01:35Z [INFO] RunCommand completed (request_id=e76b7787-f97e-4e96-ab85-f5efce9e6926): exit_code=Some(ExitCode(0)), stdout_len=116, stderr_len=0
2026-08-18T15:01:35Z [INFO] RunCommand completed (request_id=7cba7acd-4f02-4411-9888-faeea64a39d5): exit_code=Some(ExitCode(0)), stdout_len=116, stderr_len=0
2026-08-18T15:01:35Z [INFO] Handling RunCommand (request_id=7355ac3c-a61d-4fd1-ad27-eaf3a9b92f96, session_id=SessionId(3395227063091197167)): command=" cd /home/umax &&  find -L . -maxdepth 1 -type d -print0 && printf '%b' '\\0' && find -L . -maxdepth 1 -not -type d -print0             ", cwd=None
2026-08-18T15:01:35Z [INFO] Handling RunCommand (request_id=8d77e697-ada0-4662-a923-f36fec5e030c, session_id=SessionId(3395227063091197167)): command=" cd /home/umax &&  find -L . -maxdepth 1 -type d -print0 && printf '%b' '\\0' && find -L . -maxdepth 1 -not -type d -print0             ", cwd=None
2026-08-18T15:01:35Z [INFO] Handling RunCommand (request_id=a6922ff9-1347-4ba4-b704-cd6f9e0f2d8f, session_id=SessionId(3395227063091197167)): command=" cd /home/umax &&  find -L . -maxdepth 1 -type d -print0 && printf '%b' '\\0' && find -L . -maxdepth 1 -not -type d -print0             ", cwd=None
2026-08-18T15:01:35Z [INFO] Handling RunCommand (request_id=60970715-bcee-4a69-853a-5f94e5f365d8, session_id=SessionId(3395227063091197167)): command=" cd /home/umax &&  find -L . -maxdepth 1 -type d -print0 && printf '%b' '\\0' && find -L . -maxdepth 1 -not -type d -print0             ", cwd=None
2026-08-18T15:01:35Z [INFO] Handling RunCommand (request_id=dc7adbf1-df5f-4b1f-b9f3-6815da64804c, session_id=SessionId(3395227063091197167)): command=" cd /home/umax &&  find -L . -maxdepth 1 -type d -print0 && printf '%b' '\\0' && find -L . -maxdepth 1 -not -type d -print0             ", cwd=None
2026-08-18T15:01:35Z [INFO] Handling RunCommand (request_id=7f0adaf2-ffe0-482a-b00b-0d33e827e433, session_id=SessionId(3395227063091197167)): command=" cd /home/umax &&  find -L . -maxdepth 1 -type d -print0 && printf '%b' '\\0' && find -L . -maxdepth 1 -not -type d -print0             ", cwd=None
2026-08-18T15:01:35Z [INFO] Handling RunCommand (request_id=e7f7de94-b7fe-4ca4-9c08-251486c6a61a, session_id=SessionId(3395227063091197167)): command="git --no-optional-locks branch --no-color --sort=-committerdate; printf '\\036\\n'; git --no-optional-locks worktree list --porcelain", cwd=Some("/home/iac-666660")
2026-08-18T15:01:35Z [INFO] Handling RunCommand (request_id=ef6217a7-2bbe-49a8-9630-8c1d49495e42, session_id=SessionId(3395227063091197167)): command="GIT_OPTIONAL_LOCKS=0 git -c diff.autoRefreshIndex=false diff --shortstat HEAD", cwd=Some("/home/iac-666660")
2026-08-18T15:01:35Z [INFO] Handling RunCommand (request_id=34614455-c981-4767-9b60-3d0ca43731c8, session_id=SessionId(3395227063091197167)): command="git --no-optional-locks branch --no-color", cwd=Some("/home/iac-666660")
2026-08-18T15:01:35Z [INFO] RunCommand completed (request_id=7355ac3c-a61d-4fd1-ad27-eaf3a9b92f96): exit_code=Some(ExitCode(1)), stdout_len=0, stderr_len=65
2026-08-18T15:01:35Z [INFO] RunCommand completed (request_id=a6922ff9-1347-4ba4-b704-cd6f9e0f2d8f): exit_code=Some(ExitCode(1)), stdout_len=0, stderr_len=65
2026-08-18T15:01:35Z [INFO] RunCommand completed (request_id=8d77e697-ada0-4662-a923-f36fec5e030c): exit_code=Some(ExitCode(1)), stdout_len=0, stderr_len=65
2026-08-18T15:01:35Z [INFO] RunCommand completed (request_id=dc7adbf1-df5f-4b1f-b9f3-6815da64804c): exit_code=Some(ExitCode(1)), stdout_len=0, stderr_len=65
2026-08-18T15:01:35Z [INFO] RunCommand completed (request_id=60970715-bcee-4a69-853a-5f94e5f365d8): exit_code=Some(ExitCode(1)), stdout_len=0, stderr_len=65
2026-08-18T15:01:35Z [INFO] RunCommand completed (request_id=7f0adaf2-ffe0-482a-b00b-0d33e827e433): exit_code=Some(ExitCode(1)), stdout_len=0, stderr_len=65
2026-08-18T15:01:35Z [INFO] RunCommand completed (request_id=34614455-c981-4767-9b60-3d0ca43731c8): exit_code=Some(ExitCode(128)), stdout_len=0, stderr_len=139
2026-08-18T15:01:35Z [INFO] RunCommand completed (request_id=ef6217a7-2bbe-49a8-9630-8c1d49495e42): exit_code=Some(ExitCode(129)), stdout_len=0, stderr_len=7365
2026-08-18T15:01:35Z [INFO] RunCommand completed (request_id=e7f7de94-b7fe-4ca4-9c08-251486c6a61a): exit_code=Some(ExitCode(128)), stdout_len=2, stderr_len=278
2026-08-18T15:01:38Z [INFO] Handling RunCommand (request_id=b7045fab-7821-41ab-8c8a-21e4cdf602d9, session_id=SessionId(3395227063091197167)): command=" cd /home/umax &&  find -L . -maxdepth 1 -type d -print0 && printf '%b' '\\0' && find -L . -maxdepth 1 -not -type d -print0             ", cwd=None
2026-08-18T15:01:38Z [INFO] Handling RunCommand (request_id=05a8631d-d776-46de-a290-8143d1fb0153, session_id=SessionId(3395227063091197167)): command=" cd /home/umax &&  find -L . -maxdepth 1 -type d -print0 && printf '%b' '\\0' && find -L . -maxdepth 1 -not -type d -print0             ", cwd=None
2026-08-18T15:01:38Z [INFO] Handling RunCommand (request_id=b62b6bab-a396-4a50-8d6e-1528addc66b7, session_id=SessionId(3395227063091197167)): command=" cd /home/umax &&  find -L . -maxdepth 1 -type d -print0 && printf '%b' '\\0' && find -L . -maxdepth 1 -not -type d -print0             ", cwd=None
2026-08-18T15:01:38Z [INFO] Handling RunCommand (request_id=dca415f2-ecf7-4c77-891b-acef633f7c2a, session_id=SessionId(3395227063091197167)): command=" cd /home/umax &&  find -L . -maxdepth 1 -type d -print0 && printf '%b' '\\0' && find -L . -maxdepth 1 -not -type d -print0             ", cwd=None
2026-08-18T15:01:38Z [INFO] Handling RunCommand (request_id=12fbaf85-8a60-4768-9e99-d04921bb1109, session_id=SessionId(3395227063091197167)): command=" cd /home/umax &&  find -L . -maxdepth 1 -type d -print0 && printf '%b' '\\0' && find -L . -maxdepth 1 -not -type d -print0             ", cwd=None
2026-08-18T15:01:38Z [INFO] Handling RunCommand (request_id=6fb649b8-451a-449a-9e32-eb52e4eb14eb, session_id=SessionId(3395227063091197167)): command=" cd /home/umax &&  find -L . -maxdepth 1 -type d -print0 && printf '%b' '\\0' && find -L . -maxdepth 1 -not -type d -print0             ", cwd=None
2026-08-18T15:01:38Z [INFO] Handling RunCommand (request_id=ab73e804-033b-46c7-bace-f9ce410e8875, session_id=SessionId(3395227063091197167)): command="git --no-optional-locks branch --no-color --sort=-committerdate; printf '\\036\\n'; git --no-optional-locks worktree list --porcelain", cwd=Some("/home/iac-666660")
2026-08-18T15:01:38Z [INFO] Handling RunCommand (request_id=721cce9f-51df-4409-a0be-20013d908353, session_id=SessionId(3395227063091197167)): command="GIT_OPTIONAL_LOCKS=0 git -c diff.autoRefreshIndex=false diff --shortstat HEAD", cwd=Some("/home/iac-666660")
2026-08-18T15:01:38Z [INFO] Handling RunCommand (request_id=6fd3512a-f201-4f3a-aebe-af5afe7a4b99, session_id=SessionId(3395227063091197167)): command="git --no-optional-locks branch --no-color", cwd=Some("/home/iac-666660")
2026-08-18T15:01:38Z [INFO] RunCommand completed (request_id=b7045fab-7821-41ab-8c8a-21e4cdf602d9): exit_code=Some(ExitCode(1)), stdout_len=0, stderr_len=65
2026-08-18T15:01:38Z [INFO] RunCommand completed (request_id=05a8631d-d776-46de-a290-8143d1fb0153): exit_code=Some(ExitCode(1)), stdout_len=0, stderr_len=65
2026-08-18T15:01:38Z [INFO] RunCommand completed (request_id=b62b6bab-a396-4a50-8d6e-1528addc66b7): exit_code=Some(ExitCode(1)), stdout_len=0, stderr_len=65
2026-08-18T15:01:38Z [INFO] RunCommand completed (request_id=dca415f2-ecf7-4c77-891b-acef633f7c2a): exit_code=Some(ExitCode(1)), stdout_len=0, stderr_len=65
2026-08-18T15:01:38Z [INFO] RunCommand completed (request_id=12fbaf85-8a60-4768-9e99-d04921bb1109): exit_code=Some(ExitCode(1)), stdout_len=0, stderr_len=65
2026-08-18T15:01:38Z [INFO] RunCommand completed (request_id=6fb649b8-451a-449a-9e32-eb52e4eb14eb): exit_code=Some(ExitCode(1)), stdout_len=0, stderr_len=65
2026-08-18T15:01:39Z [INFO] RunCommand completed (request_id=6fd3512a-f201-4f3a-aebe-af5afe7a4b99): exit_code=Some(ExitCode(128)), stdout_len=0, stderr_len=139
2026-08-18T15:01:39Z [INFO] RunCommand completed (request_id=721cce9f-51df-4409-a0be-20013d908353): exit_code=Some(ExitCode(129)), stdout_len=0, stderr_len=7365
2026-08-18T15:01:39Z [INFO] RunCommand completed (request_id=ab73e804-033b-46c7-bace-f9ce410e8875): exit_code=Some(ExitCode(128)), stdout_len=2, stderr_len=278
2026-08-18T15:01:41Z [INFO] Handling RunCommand (request_id=7bd30eb3-caa8-4b57-873d-52ff9d586ce1, session_id=SessionId(3395227063091197167)): command=" cd /home/umax &&  find -L . -maxdepth 1 -type d -print0 && printf '%b' '\\0' && find -L . -maxdepth 1 -not -type d -print0             ", cwd=None
2026-08-18T15:01:41Z [INFO] Handling RunCommand (request_id=4b98c2fc-8f54-4401-bdde-6267fa8e5dc5, session_id=SessionId(3395227063091197167)): command=" cd /home/umax &&  find -L . -maxdepth 1 -type d -print0 && printf '%b' '\\0' && find -L . -maxdepth 1 -not -type d -print0             ", cwd=None
2026-08-18T15:01:41Z [INFO] Handling RunCommand (request_id=341c8605-1eb8-4619-b079-ca838b2a541c, session_id=SessionId(3395227063091197167)): command=" cd /home/umax &&  find -L . -maxdepth 1 -type d -print0 && printf '%b' '\\0' && find -L . -maxdepth 1 -not -type d -print0             ", cwd=None
2026-08-18T15:01:41Z [INFO] Handling RunCommand (request_id=35fdb32d-f1d8-46dd-aafe-76c6850d6a75, session_id=SessionId(3395227063091197167)): command=" cd /home/umax &&  find -L . -maxdepth 1 -type d -print0 && printf '%b' '\\0' && find -L . -maxdepth 1 -not -type d -print0             ", cwd=None
2026-08-18T15:01:41Z [INFO] Handling RunCommand (request_id=cecb5bc2-ea0f-47a8-9225-1f32c6cbf21a, session_id=SessionId(3395227063091197167)): command=" cd /home/umax &&  find -L . -maxdepth 1 -type d -print0 && printf '%b' '\\0' && find -L . -maxdepth 1 -not -type d -print0             ", cwd=None
2026-08-18T15:01:41Z [INFO] Handling RunCommand (request_id=e5d73cdd-4f57-406f-9c6e-f7be7f478f2a, session_id=SessionId(3395227063091197167)): command=" cd /home/umax &&  find -L . -maxdepth 1 -type d -print0 && printf '%b' '\\0' && find -L . -maxdepth 1 -not -type d -print0             ", cwd=None
2026-08-18T15:01:41Z [INFO] Handling RunCommand (request_id=394ec639-d1a4-4361-9bac-a8db6687e8eb, session_id=SessionId(3395227063091197167)): command="git --no-optional-locks branch --no-color --sort=-committerdate; printf '\\036\\n'; git --no-optional-locks worktree list --porcelain", cwd=Some("/home/iac-666660")
2026-08-18T15:01:41Z [INFO] Handling RunCommand (request_id=2e14d3b3-b9b9-4c01-982f-a30437137748, session_id=SessionId(3395227063091197167)): command="GIT_OPTIONAL_LOCKS=0 git -c diff.autoRefreshIndex=false diff --shortstat HEAD", cwd=Some("/home/iac-666660")
2026-08-18T15:01:41Z [INFO] Handling RunCommand (request_id=9cbe2a6d-3386-460a-bb6f-35b4d7012734, session_id=SessionId(3395227063091197167)): command="git --no-optional-locks branch --no-color", cwd=Some("/home/iac-666660")
2026-08-18T15:01:41Z [INFO] RunCommand completed (request_id=7bd30eb3-caa8-4b57-873d-52ff9d586ce1): exit_code=Some(ExitCode(1)), stdout_len=0, stderr_len=65
2026-08-18T15:01:41Z [INFO] RunCommand completed (request_id=4b98c2fc-8f54-4401-bdde-6267fa8e5dc5): exit_code=Some(ExitCode(1)), stdout_len=0, stderr_len=65
2026-08-18T15:01:41Z [INFO] RunCommand completed (request_id=341c8605-1eb8-4619-b079-ca838b2a541c): exit_code=Some(ExitCode(1)), stdout_len=0, stderr_len=65
2026-08-18T15:01:41Z [INFO] RunCommand completed (request_id=cecb5bc2-ea0f-47a8-9225-1f32c6cbf21a): exit_code=Some(ExitCode(1)), stdout_len=0, stderr_len=65
2026-08-18T15:01:41Z [INFO] RunCommand completed (request_id=35fdb32d-f1d8-46dd-aafe-76c6850d6a75): exit_code=Some(ExitCode(1)), stdout_len=0, stderr_len=65
2026-08-18T15:01:41Z [INFO] RunCommand completed (request_id=e5d73cdd-4f57-406f-9c6e-f7be7f478f2a): exit_code=Some(ExitCode(1)), stdout_len=0, stderr_len=65
2026-08-18T15:01:41Z [INFO] RunCommand completed (request_id=9cbe2a6d-3386-460a-bb6f-35b4d7012734): exit_code=Some(ExitCode(128)), stdout_len=0, stderr_len=139
2026-08-18T15:01:41Z [INFO] RunCommand completed (request_id=2e14d3b3-b9b9-4c01-982f-a30437137748): exit_code=Some(ExitCode(129)), stdout_len=0, stderr_len=7365
2026-08-18T15:01:41Z [INFO] RunCommand completed (request_id=394ec639-d1a4-4361-9bac-a8db6687e8eb): exit_code=Some(ExitCode(128)), stdout_len=2, stderr_len=278
2026-08-18T15:02:11Z [INFO] Handling RunCommand (request_id=c3b24cc1-168a-4422-9aa6-e947eae8474c, session_id=SessionId(3395227063091197167)): command="GIT_OPTIONAL_LOCKS=0 git symbolic-ref --short HEAD 2> /dev/null || GIT_OPTIONAL_LOCKS=0 git rev-parse --short HEAD 2> /dev/null", cwd=Some("/home/iac-666660")
2026-08-18T15:02:11Z [INFO] RunCommand completed (request_id=c3b24cc1-168a-4422-9aa6-e947eae8474c): exit_code=Some(ExitCode(128)), stdout_len=0, stderr_len=0
2026-08-18T15:02:41Z [INFO] Handling RunCommand (request_id=93d9f20f-e7e6-44e3-9428-5c7c5ae5d3eb, session_id=SessionId(3395227063091197167)): command="GIT_OPTIONAL_LOCKS=0 git symbolic-ref --short HEAD 2> /dev/null || GIT_OPTIONAL_LOCKS=0 git rev-parse --short HEAD 2> /dev/null", cwd=Some("/home/iac-666660")
2026-08-18T15:02:41Z [INFO] RunCommand completed (request_id=93d9f20f-e7e6-44e3-9428-5c7c5ae5d3eb): exit_code=Some(ExitCode(128)), stdout_len=0, stderr_len=0
2026-08-18T15:02:46Z [INFO] Handling UpdatePreferences: crash_reporting_enabled=true
2026-08-18T15:02:46Z [INFO] [Remote codebase indexing] Daemon applying codebase index limits: max_indices_allowed=Some(3) max_files_per_repo=5000 embedding_generation_batch_size=100
2026-08-18T15:03:11Z [INFO] Handling RunCommand (request_id=d28b4551-2085-427d-ba2c-16c16efd635a, session_id=SessionId(3395227063091197167)): command="GIT_OPTIONAL_LOCKS=0 git symbolic-ref --short HEAD 2> /dev/null || GIT_OPTIONAL_LOCKS=0 git rev-parse --short HEAD 2> /dev/null", cwd=Some("/home/iac-666660")
2026-08-18T15:03:11Z [INFO] RunCommand completed (request_id=d28b4551-2085-427d-ba2c-16c16efd635a): exit_code=Some(ExitCode(128)), stdout_len=0, stderr_len=0
2026-08-18T15:03:33Z [INFO] Handling RunCommand (request_id=43b92bab-8557-4eda-83ea-827c7f2b53fc, session_id=SessionId(3395227063091197167)): command=" cd /home/iac-666660/https://opencode.ai/ &&  find -L . -maxdepth 1 -type d -print0 && printf '%b' '\\0' && find -L . -maxdepth 1 -not -type d -print0             ", cwd=None
2026-08-18T15:03:33Z [INFO] RunCommand completed (request_id=43b92bab-8557-4eda-83ea-827c7f2b53fc): exit_code=Some(ExitCode(1)), stdout_len=0, stderr_len=92
2026-08-18T15:03:41Z [INFO] Handling RunCommand (request_id=078f6cd3-58f1-4737-8926-522a42cede45, session_id=SessionId(3395227063091197167)): command="GIT_OPTIONAL_LOCKS=0 git symbolic-ref --short HEAD 2> /dev/null || GIT_OPTIONAL_LOCKS=0 git rev-parse --short HEAD 2> /dev/null", cwd=Some("/home/iac-666660")
2026-08-18T15:03:41Z [INFO] RunCommand completed (request_id=078f6cd3-58f1-4737-8926-522a42cede45): exit_code=Some(ExitCode(128)), stdout_len=0, stderr_len=0
2026-08-18T15:04:11Z [INFO] Handling RunCommand (request_id=174aa6a1-317a-490c-8a77-8779fc500d26, session_id=SessionId(3395227063091197167)): command="GIT_OPTIONAL_LOCKS=0 git symbolic-ref --short HEAD 2> /dev/null || GIT_OPTIONAL_LOCKS=0 git rev-parse --short HEAD 2> /dev/null", cwd=Some("/home/iac-666660")
2026-08-18T15:04:11Z [INFO] RunCommand completed (request_id=174aa6a1-317a-490c-8a77-8779fc500d26): exit_code=Some(ExitCode(128)), stdout_len=0, stderr_len=0
2026-08-18T15:04:26Z [INFO] Handling RunCommand (request_id=ae6c422f-ac92-45de-a183-61d17f1dd710, session_id=SessionId(3395227063091197167)): command=" cd /home/umax &&  find -L . -maxdepth 1 -type d -print0 && printf '%b' '\\0' && find -L . -maxdepth 1 -not -type d -print0             ", cwd=None
2026-08-18T15:04:26Z [INFO] Handling RunCommand (request_id=e01a3d37-a99b-422a-b547-768ba9b0fe01, session_id=SessionId(3395227063091197167)): command=" cd /home/umax &&  find -L . -maxdepth 1 -type d -print0 && printf '%b' '\\0' && find -L . -maxdepth 1 -not -type d -print0             ", cwd=None
2026-08-18T15:04:26Z [INFO] Handling RunCommand (request_id=484c8a90-c27c-4951-b2a0-e55972406112, session_id=SessionId(3395227063091197167)): command=" cd /home/umax &&  find -L . -maxdepth 1 -type d -print0 && printf '%b' '\\0' && find -L . -maxdepth 1 -not -type d -print0             ", cwd=None
2026-08-18T15:04:26Z [INFO] Handling RunCommand (request_id=f30171c7-0645-495a-86d9-1263cc4a44ea, session_id=SessionId(3395227063091197167)): command=" cd /home/umax &&  find -L . -maxdepth 1 -type d -print0 && printf '%b' '\\0' && find -L . -maxdepth 1 -not -type d -print0             ", cwd=None
2026-08-18T15:04:26Z [INFO] Handling RunCommand (request_id=e9920b42-1b3e-4fe2-8503-279803ec52dc, session_id=SessionId(3395227063091197167)): command=" cd /home/umax &&  find -L . -maxdepth 1 -type d -print0 && printf '%b' '\\0' && find -L . -maxdepth 1 -not -type d -print0             ", cwd=None
2026-08-18T15:04:26Z [INFO] Handling RunCommand (request_id=ed588504-f97f-4204-a497-e76a70d3215b, session_id=SessionId(3395227063091197167)): command=" cd /home/umax &&  find -L . -maxdepth 1 -type d -print0 && printf '%b' '\\0' && find -L . -maxdepth 1 -not -type d -print0             ", cwd=None
2026-08-18T15:04:26Z [INFO] Handling RunCommand (request_id=6f327b2f-e5a6-4f58-b63a-4b46d02f2eb9, session_id=SessionId(3395227063091197167)): command="git --no-optional-locks branch --no-color --sort=-committerdate; printf '\\036\\n'; git --no-optional-locks worktree list --porcelain", cwd=Some("/home/iac-666660")
2026-08-18T15:04:26Z [INFO] Handling RunCommand (request_id=30f76656-8954-49f1-82a8-d3edf7b2339b, session_id=SessionId(3395227063091197167)): command="GIT_OPTIONAL_LOCKS=0 git -c diff.autoRefreshIndex=false diff --shortstat HEAD", cwd=Some("/home/iac-666660")
2026-08-18T15:04:26Z [INFO] Handling RunCommand (request_id=e9a51698-5c81-4899-9265-26e258bfaa80, session_id=SessionId(3395227063091197167)): command="git --no-optional-locks branch --no-color", cwd=Some("/home/iac-666660")
2026-08-18T15:04:26Z [INFO] RunCommand completed (request_id=e01a3d37-a99b-422a-b547-768ba9b0fe01): exit_code=Some(ExitCode(1)), stdout_len=0, stderr_len=65
2026-08-18T15:04:26Z [INFO] RunCommand completed (request_id=ae6c422f-ac92-45de-a183-61d17f1dd710): exit_code=Some(ExitCode(1)), stdout_len=0, stderr_len=65
2026-08-18T15:04:26Z [INFO] RunCommand completed (request_id=f30171c7-0645-495a-86d9-1263cc4a44ea): exit_code=Some(ExitCode(1)), stdout_len=0, stderr_len=65
2026-08-18T15:04:26Z [INFO] RunCommand completed (request_id=484c8a90-c27c-4951-b2a0-e55972406112): exit_code=Some(ExitCode(1)), stdout_len=0, stderr_len=65
2026-08-18T15:04:26Z [INFO] RunCommand completed (request_id=e9920b42-1b3e-4fe2-8503-279803ec52dc): exit_code=Some(ExitCode(1)), stdout_len=0, stderr_len=65
2026-08-18T15:04:26Z [INFO] RunCommand completed (request_id=ed588504-f97f-4204-a497-e76a70d3215b): exit_code=Some(ExitCode(1)), stdout_len=0, stderr_len=65
2026-08-18T15:04:26Z [INFO] RunCommand completed (request_id=e9a51698-5c81-4899-9265-26e258bfaa80): exit_code=Some(ExitCode(128)), stdout_len=0, stderr_len=139
2026-08-18T15:04:26Z [INFO] RunCommand completed (request_id=30f76656-8954-49f1-82a8-d3edf7b2339b): exit_code=Some(ExitCode(129)), stdout_len=0, stderr_len=7365
2026-08-18T15:04:26Z [INFO] RunCommand completed (request_id=6f327b2f-e5a6-4f58-b63a-4b46d02f2eb9): exit_code=Some(ExitCode(128)), stdout_len=2, stderr_len=278
2026-08-18T15:04:30Z [INFO] Handling RunCommand (request_id=5e46aa74-f2c2-4aa0-a18a-41505e2b601e, session_id=SessionId(3395227063091197167)): command=" cd /home/iac-666660 &&  find -L . -maxdepth 1 -type d -print0 && printf '%b' '\\0' && find -L . -maxdepth 1 -not -type d -print0             ", cwd=None
2026-08-18T15:04:30Z [INFO] RunCommand completed (request_id=5e46aa74-f2c2-4aa0-a18a-41505e2b601e): exit_code=Some(ExitCode(0)), stdout_len=128, stderr_len=0
2026-08-18T15:04:30Z [INFO] Handling RunCommand (request_id=134c278f-3531-49cf-9c47-e684dde3b57a, session_id=SessionId(3395227063091197167)): command=" cd /home/iac-666660 &&  find -L . -maxdepth 1 -type d -print0 && printf '%b' '\\0' && find -L . -maxdepth 1 -not -type d -print0             ", cwd=None
2026-08-18T15:04:30Z [INFO] Handling RunCommand (request_id=9241e12e-ccc9-40b8-a0b2-b46c03ec5b33, session_id=SessionId(3395227063091197167)): command=" cd /home/iac-666660 &&  find -L . -maxdepth 1 -type d -print0 && printf '%b' '\\0' && find -L . -maxdepth 1 -not -type d -print0             ", cwd=None
2026-08-18T15:04:30Z [INFO] RunCommand completed (request_id=134c278f-3531-49cf-9c47-e684dde3b57a): exit_code=Some(ExitCode(0)), stdout_len=128, stderr_len=0
2026-08-18T15:04:30Z [INFO] RunCommand completed (request_id=9241e12e-ccc9-40b8-a0b2-b46c03ec5b33): exit_code=Some(ExitCode(0)), stdout_len=128, stderr_len=0
2026-08-18T15:04:30Z [INFO] Handling RunCommand (request_id=ba692f8c-c3f1-4d04-9fdf-0ccfa5261bb2, session_id=SessionId(3395227063091197167)): command=" cd /home/iac-666660 &&  find -L . -maxdepth 1 -type d -print0 && printf '%b' '\\0' && find -L . -maxdepth 1 -not -type d -print0             ", cwd=None
2026-08-18T15:04:30Z [INFO] Handling RunCommand (request_id=422d504c-5040-42d5-b107-0ad0bac4da9d, session_id=SessionId(3395227063091197167)): command=" cd /home/iac-666660 &&  find -L . -maxdepth 1 -type d -print0 && printf '%b' '\\0' && find -L . -maxdepth 1 -not -type d -print0             ", cwd=None
2026-08-18T15:04:30Z [INFO] RunCommand completed (request_id=ba692f8c-c3f1-4d04-9fdf-0ccfa5261bb2): exit_code=Some(ExitCode(0)), stdout_len=128, stderr_len=0
2026-08-18T15:04:30Z [INFO] RunCommand completed (request_id=422d504c-5040-42d5-b107-0ad0bac4da9d): exit_code=Some(ExitCode(0)), stdout_len=128, stderr_len=0
2026-08-18T15:04:31Z [INFO] Handling RunCommand (request_id=dc67e7a1-5a25-4015-9c1c-784832eaeb02, session_id=SessionId(3395227063091197167)): command=" cd /home/iac-666660 &&  find -L . -maxdepth 1 -type d -print0 && printf '%b' '\\0' && find -L . -maxdepth 1 -not -type d -print0             ", cwd=None
2026-08-18T15:04:31Z [INFO] RunCommand completed (request_id=dc67e7a1-5a25-4015-9c1c-784832eaeb02): exit_code=Some(ExitCode(0)), stdout_len=128, stderr_len=0
2026-08-18T15:04:31Z [INFO] Handling RunCommand (request_id=1d8080c2-e5d7-41fe-81ff-c581924d88db, session_id=SessionId(3395227063091197167)): command=" cd /home/iac-666660 &&  find -L . -maxdepth 1 -type d -print0 && printf '%b' '\\0' && find -L . -maxdepth 1 -not -type d -print0             ", cwd=None
2026-08-18T15:04:31Z [INFO] RunCommand completed (request_id=1d8080c2-e5d7-41fe-81ff-c581924d88db): exit_code=Some(ExitCode(0)), stdout_len=128, stderr_len=0
2026-08-18T15:04:31Z [INFO] Handling RunCommand (request_id=059ab8f8-001d-40a7-b59a-91ac08a5b1d9, session_id=SessionId(3395227063091197167)): command=" cd /home/iac-666660 &&  find -L . -maxdepth 1 -type d -print0 && printf '%b' '\\0' && find -L . -maxdepth 1 -not -type d -print0             ", cwd=None
2026-08-18T15:04:31Z [INFO] RunCommand completed (request_id=059ab8f8-001d-40a7-b59a-91ac08a5b1d9): exit_code=Some(ExitCode(0)), stdout_len=128, stderr_len=0
2026-08-18T15:04:31Z [INFO] Handling RunCommand (request_id=43a21674-0d8a-453b-8001-25a5e3e17d49, session_id=SessionId(3395227063091197167)): command=" cd /home/iac-666660 &&  find -L . -maxdepth 1 -type d -print0 && printf '%b' '\\0' && find -L . -maxdepth 1 -not -type d -print0             ", cwd=None
2026-08-18T15:04:31Z [INFO] RunCommand completed (request_id=43a21674-0d8a-453b-8001-25a5e3e17d49): exit_code=Some(ExitCode(0)), stdout_len=128, stderr_len=0
2026-08-18T15:04:31Z [INFO] Handling RunCommand (request_id=612fed30-2e85-4b56-86c1-53508d68b523, session_id=SessionId(3395227063091197167)): command=" cd /home/iac-666660 &&  find -L . -maxdepth 1 -type d -print0 && printf '%b' '\\0' && find -L . -maxdepth 1 -not -type d -print0             ", cwd=None
2026-08-18T15:04:31Z [INFO] Handling RunCommand (request_id=cb365b0a-2bcf-434e-ae1d-100268cfc0e1, session_id=SessionId(3395227063091197167)): command=" cd /home/iac-666660 &&  find -L . -maxdepth 1 -type d -print0 && printf '%b' '\\0' && find -L . -maxdepth 1 -not -type d -print0             ", cwd=None
2026-08-18T15:04:31Z [INFO] RunCommand completed (request_id=612fed30-2e85-4b56-86c1-53508d68b523): exit_code=Some(ExitCode(0)), stdout_len=128, stderr_len=0
2026-08-18T15:04:31Z [INFO] RunCommand completed (request_id=cb365b0a-2bcf-434e-ae1d-100268cfc0e1): exit_code=Some(ExitCode(0)), stdout_len=128, stderr_len=0
2026-08-18T15:04:32Z [INFO] Handling RunCommand (request_id=ffb9a8a8-dbcd-43e6-85e8-b04e689c8496, session_id=SessionId(3395227063091197167)): command=" cd /home/iac-666660 &&  find -L . -maxdepth 1 -type d -print0 && printf '%b' '\\0' && find -L . -maxdepth 1 -not -type d -print0             ", cwd=None
2026-08-18T15:04:32Z [INFO] RunCommand completed (request_id=ffb9a8a8-dbcd-43e6-85e8-b04e689c8496): exit_code=Some(ExitCode(0)), stdout_len=128, stderr_len=0
2026-08-18T15:04:32Z [INFO] Handling RunCommand (request_id=984af41d-9988-4b8c-a07a-91ed1f5e817b, session_id=SessionId(3395227063091197167)): command=" cd /home/iac-666660 &&  find -L . -maxdepth 1 -type d -print0 && printf '%b' '\\0' && find -L . -maxdepth 1 -not -type d -print0             ", cwd=None
2026-08-18T15:04:32Z [INFO] RunCommand completed (request_id=984af41d-9988-4b8c-a07a-91ed1f5e817b): exit_code=Some(ExitCode(0)), stdout_len=128, stderr_len=0
2026-08-18T15:04:36Z [INFO] Handling RunCommand (request_id=283ee8a0-12b0-4fac-b6a7-d33d8df45aa2, session_id=SessionId(3395227063091197167)): command="git --no-optional-locks branch --no-color --sort=-committerdate; printf '\\036\\n'; git --no-optional-locks worktree list --porcelain", cwd=Some("/home/iac-666660")
2026-08-18T15:04:36Z [INFO] Handling RunCommand (request_id=885d7fff-f342-46cd-a893-6065c54815b2, session_id=SessionId(3395227063091197167)): command="GIT_OPTIONAL_LOCKS=0 git -c diff.autoRefreshIndex=false diff --shortstat HEAD", cwd=Some("/home/iac-666660")
2026-08-18T15:04:36Z [INFO] RunCommand completed (request_id=885d7fff-f342-46cd-a893-6065c54815b2): exit_code=Some(ExitCode(129)), stdout_len=0, stderr_len=7365
2026-08-18T15:04:36Z [INFO] RunCommand completed (request_id=283ee8a0-12b0-4fac-b6a7-d33d8df45aa2): exit_code=Some(ExitCode(128)), stdout_len=2, stderr_len=278
2026-08-18T15:04:38Z [INFO] Handling RunCommand (request_id=64c66b78-f946-4458-a14a-ec5774aa1399, session_id=SessionId(3395227063091197167)): command="git --no-optional-locks branch --no-color --sort=-committerdate; printf '\\036\\n'; git --no-optional-locks worktree list --porcelain", cwd=Some("/home/iac-666660")
2026-08-18T15:04:38Z [INFO] Handling RunCommand (request_id=3d653c19-3281-429a-9fe1-4ee176e4f956, session_id=SessionId(3395227063091197167)): command="GIT_OPTIONAL_LOCKS=0 git -c diff.autoRefreshIndex=false diff --shortstat HEAD", cwd=Some("/home/iac-666660")
2026-08-18T15:04:38Z [INFO] RunCommand completed (request_id=3d653c19-3281-429a-9fe1-4ee176e4f956): exit_code=Some(ExitCode(129)), stdout_len=0, stderr_len=7365
2026-08-18T15:04:38Z [INFO] RunCommand completed (request_id=64c66b78-f946-4458-a14a-ec5774aa1399): exit_code=Some(ExitCode(128)), stdout_len=2, stderr_len=278
2026-08-18T15:04:39Z [INFO] Handling RunCommand (request_id=673e880f-ab53-481b-897f-d2bb495dc3b7, session_id=SessionId(3395227063091197167)): command=" cd /home/umax &&  find -L . -maxdepth 1 -type d -print0 && printf '%b' '\\0' && find -L . -maxdepth 1 -not -type d -print0             ", cwd=None
2026-08-18T15:04:39Z [INFO] Handling RunCommand (request_id=2040c406-457d-4e8a-bd3f-14024324d731, session_id=SessionId(3395227063091197167)): command=" cd /home/umax &&  find -L . -maxdepth 1 -type d -print0 && printf '%b' '\\0' && find -L . -maxdepth 1 -not -type d -print0             ", cwd=None
2026-08-18T15:04:39Z [INFO] Handling RunCommand (request_id=45815aaa-1a6c-47ae-93af-7e8b79487241, session_id=SessionId(3395227063091197167)): command=" cd /home/umax &&  find -L . -maxdepth 1 -type d -print0 && printf '%b' '\\0' && find -L . -maxdepth 1 -not -type d -print0             ", cwd=None
2026-08-18T15:04:39Z [INFO] Handling RunCommand (request_id=9f2245a2-8f70-434f-ba88-385927131a68, session_id=SessionId(3395227063091197167)): command=" cd /home/umax &&  find -L . -maxdepth 1 -type d -print0 && printf '%b' '\\0' && find -L . -maxdepth 1 -not -type d -print0             ", cwd=None
2026-08-18T15:04:39Z [INFO] Handling RunCommand (request_id=a29bb8ea-ce33-45de-9941-13ec1df679e6, session_id=SessionId(3395227063091197167)): command=" cd /home/umax &&  find -L . -maxdepth 1 -type d -print0 && printf '%b' '\\0' && find -L . -maxdepth 1 -not -type d -print0             ", cwd=None
2026-08-18T15:04:39Z [INFO] Handling RunCommand (request_id=d46d6c50-850b-416d-b69d-c54220e4ea7d, session_id=SessionId(3395227063091197167)): command=" cd /home/umax &&  find -L . -maxdepth 1 -type d -print0 && printf '%b' '\\0' && find -L . -maxdepth 1 -not -type d -print0             ", cwd=None
2026-08-18T15:04:39Z [INFO] Handling RunCommand (request_id=6443acbe-f223-4b0b-99a9-1c68d1558cc4, session_id=SessionId(3395227063091197167)): command="git --no-optional-locks branch --no-color --sort=-committerdate; printf '\\036\\n'; git --no-optional-locks worktree list --porcelain", cwd=Some("/home/iac-666660")
2026-08-18T15:04:39Z [INFO] Handling RunCommand (request_id=2d9af480-05aa-4f62-a98b-71935227c8be, session_id=SessionId(3395227063091197167)): command="GIT_OPTIONAL_LOCKS=0 git -c diff.autoRefreshIndex=false diff --shortstat HEAD", cwd=Some("/home/iac-666660")
2026-08-18T15:04:39Z [INFO] Handling RunCommand (request_id=b9061067-58f7-441c-b657-7a7f39ec1520, session_id=SessionId(3395227063091197167)): command="git --no-optional-locks branch --no-color", cwd=Some("/home/iac-666660")
2026-08-18T15:04:39Z [INFO] RunCommand completed (request_id=45815aaa-1a6c-47ae-93af-7e8b79487241): exit_code=Some(ExitCode(1)), stdout_len=0, stderr_len=65
2026-08-18T15:04:39Z [INFO] RunCommand completed (request_id=673e880f-ab53-481b-897f-d2bb495dc3b7): exit_code=Some(ExitCode(1)), stdout_len=0, stderr_len=65
2026-08-18T15:04:39Z [INFO] RunCommand completed (request_id=2040c406-457d-4e8a-bd3f-14024324d731): exit_code=Some(ExitCode(1)), stdout_len=0, stderr_len=65
2026-08-18T15:04:39Z [INFO] RunCommand completed (request_id=9f2245a2-8f70-434f-ba88-385927131a68): exit_code=Some(ExitCode(1)), stdout_len=0, stderr_len=65
2026-08-18T15:04:39Z [INFO] RunCommand completed (request_id=a29bb8ea-ce33-45de-9941-13ec1df679e6): exit_code=Some(ExitCode(1)), stdout_len=0, stderr_len=65
2026-08-18T15:04:39Z [INFO] RunCommand completed (request_id=d46d6c50-850b-416d-b69d-c54220e4ea7d): exit_code=Some(ExitCode(1)), stdout_len=0, stderr_len=65
2026-08-18T15:04:39Z [INFO] RunCommand completed (request_id=b9061067-58f7-441c-b657-7a7f39ec1520): exit_code=Some(ExitCode(128)), stdout_len=0, stderr_len=139
2026-08-18T15:04:39Z [INFO] RunCommand completed (request_id=2d9af480-05aa-4f62-a98b-71935227c8be): exit_code=Some(ExitCode(129)), stdout_len=0, stderr_len=7365
2026-08-18T15:04:39Z [INFO] RunCommand completed (request_id=6443acbe-f223-4b0b-99a9-1c68d1558cc4): exit_code=Some(ExitCode(128)), stdout_len=2, stderr_len=278
2026-08-18T15:04:40Z [INFO] Handling RunCommand (request_id=b83a58b1-15f9-49f9-96fe-6f7fa4fc35e2, session_id=SessionId(3395227063091197167)): command="git --no-optional-locks branch --no-color --sort=-committerdate; printf '\\036\\n'; git --no-optional-locks worktree list --porcelain", cwd=Some("/home/iac-666660")
2026-08-18T15:04:40Z [INFO] Handling RunCommand (request_id=2b483912-d4c1-4554-bb57-71de7be1d00c, session_id=SessionId(3395227063091197167)): command="GIT_OPTIONAL_LOCKS=0 git -c diff.autoRefreshIndex=false diff --shortstat HEAD", cwd=Some("/home/iac-666660")
2026-08-18T15:04:40Z [INFO] RunCommand completed (request_id=b83a58b1-15f9-49f9-96fe-6f7fa4fc35e2): exit_code=Some(ExitCode(128)), stdout_len=2, stderr_len=278
2026-08-18T15:04:40Z [INFO] RunCommand completed (request_id=2b483912-d4c1-4554-bb57-71de7be1d00c): exit_code=Some(ExitCode(129)), stdout_len=0, stderr_len=7365
2026-08-18T15:04:41Z [INFO] Handling RunCommand (request_id=ad253b86-254f-4f7a-a4ef-873de8ef70e4, session_id=SessionId(3395227063091197167)): command="git --no-optional-locks branch --no-color --sort=-committerdate; printf '\\036\\n'; git --no-optional-locks worktree list --porcelain", cwd=Some("/home/iac-666660")
2026-08-18T15:04:41Z [INFO] Handling RunCommand (request_id=17494a5a-09c3-4b16-8cca-4741f03efe6d, session_id=SessionId(3395227063091197167)): command="GIT_OPTIONAL_LOCKS=0 git -c diff.autoRefreshIndex=false diff --shortstat HEAD", cwd=Some("/home/iac-666660")
2026-08-18T15:04:41Z [INFO] RunCommand completed (request_id=17494a5a-09c3-4b16-8cca-4741f03efe6d): exit_code=Some(ExitCode(129)), stdout_len=0, stderr_len=7365
2026-08-18T15:04:41Z [INFO] RunCommand completed (request_id=ad253b86-254f-4f7a-a4ef-873de8ef70e4): exit_code=Some(ExitCode(128)), stdout_len=2, stderr_len=278
2026-08-18T15:04:41Z [INFO] Handling RunCommand (request_id=a0c020e6-a174-4107-8c50-124c053bb0dc, session_id=SessionId(3395227063091197167)): command=" cd /home/umax &&  find -L . -maxdepth 1 -type d -print0 && printf '%b' '\\0' && find -L . -maxdepth 1 -not -type d -print0             ", cwd=None
2026-08-18T15:04:41Z [INFO] Handling RunCommand (request_id=1a63994e-b616-4e0b-b5d8-791fc2e597f9, session_id=SessionId(3395227063091197167)): command=" cd /home/umax &&  find -L . -maxdepth 1 -type d -print0 && printf '%b' '\\0' && find -L . -maxdepth 1 -not -type d -print0             ", cwd=None
2026-08-18T15:04:41Z [INFO] Handling RunCommand (request_id=706c1760-3c25-43b9-a025-dd0fc7146052, session_id=SessionId(3395227063091197167)): command=" cd /home/umax &&  find -L . -maxdepth 1 -type d -print0 && printf '%b' '\\0' && find -L . -maxdepth 1 -not -type d -print0             ", cwd=None
2026-08-18T15:04:41Z [INFO] Handling RunCommand (request_id=f04e4412-7222-4d89-98e3-13832e072332, session_id=SessionId(3395227063091197167)): command=" cd /home/umax &&  find -L . -maxdepth 1 -type d -print0 && printf '%b' '\\0' && find -L . -maxdepth 1 -not -type d -print0             ", cwd=None
2026-08-18T15:04:41Z [INFO] Handling RunCommand (request_id=1329afec-55d8-4149-a075-55c70958dfdc, session_id=SessionId(3395227063091197167)): command=" cd /home/umax &&  find -L . -maxdepth 1 -type d -print0 && printf '%b' '\\0' && find -L . -maxdepth 1 -not -type d -print0             ", cwd=None
2026-08-18T15:04:41Z [INFO] Handling RunCommand (request_id=4a249cc4-db0f-40f7-8d15-6da1e3566600, session_id=SessionId(3395227063091197167)): command=" cd /home/umax &&  find -L . -maxdepth 1 -type d -print0 && printf '%b' '\\0' && find -L . -maxdepth 1 -not -type d -print0             ", cwd=None
2026-08-18T15:04:41Z [INFO] Handling RunCommand (request_id=9fa115b5-01f0-43cb-9821-cdd818c8092f, session_id=SessionId(3395227063091197167)): command="git --no-optional-locks branch --no-color --sort=-committerdate; printf '\\036\\n'; git --no-optional-locks worktree list --porcelain", cwd=Some("/home/iac-666660")
2026-08-18T15:04:41Z [INFO] Handling RunCommand (request_id=1c330ca8-62a4-4b82-b6b9-13bb1252b64a, session_id=SessionId(3395227063091197167)): command="GIT_OPTIONAL_LOCKS=0 git -c diff.autoRefreshIndex=false diff --shortstat HEAD", cwd=Some("/home/iac-666660")
2026-08-18T15:04:41Z [INFO] RunCommand completed (request_id=a0c020e6-a174-4107-8c50-124c053bb0dc): exit_code=Some(ExitCode(1)), stdout_len=0, stderr_len=65
2026-08-18T15:04:41Z [INFO] RunCommand completed (request_id=706c1760-3c25-43b9-a025-dd0fc7146052): exit_code=Some(ExitCode(1)), stdout_len=0, stderr_len=65
2026-08-18T15:04:41Z [INFO] RunCommand completed (request_id=1a63994e-b616-4e0b-b5d8-791fc2e597f9): exit_code=Some(ExitCode(1)), stdout_len=0, stderr_len=65
2026-08-18T15:04:41Z [INFO] RunCommand completed (request_id=f04e4412-7222-4d89-98e3-13832e072332): exit_code=Some(ExitCode(1)), stdout_len=0, stderr_len=65
2026-08-18T15:04:41Z [INFO] RunCommand completed (request_id=1329afec-55d8-4149-a075-55c70958dfdc): exit_code=Some(ExitCode(1)), stdout_len=0, stderr_len=65
2026-08-18T15:04:41Z [INFO] RunCommand completed (request_id=4a249cc4-db0f-40f7-8d15-6da1e3566600): exit_code=Some(ExitCode(1)), stdout_len=0, stderr_len=65
2026-08-18T15:04:41Z [INFO] RunCommand completed (request_id=1c330ca8-62a4-4b82-b6b9-13bb1252b64a): exit_code=Some(ExitCode(129)), stdout_len=0, stderr_len=7365
2026-08-18T15:04:41Z [INFO] Handling RunCommand (request_id=5158d4c5-bea9-41cd-b514-d53db24d9c2f, session_id=SessionId(3395227063091197167)): command="git --no-optional-locks branch --no-color", cwd=Some("/home/iac-666660")
2026-08-18T15:04:41Z [INFO] RunCommand completed (request_id=9fa115b5-01f0-43cb-9821-cdd818c8092f): exit_code=Some(ExitCode(128)), stdout_len=2, stderr_len=278
2026-08-18T15:04:41Z [INFO] RunCommand completed (request_id=5158d4c5-bea9-41cd-b514-d53db24d9c2f): exit_code=Some(ExitCode(128)), stdout_len=0, stderr_len=139
2026-08-18T15:04:44Z [INFO] Handling RunCommand (request_id=d0c78a7a-7a11-44d2-8858-bc08941bfb9c, session_id=SessionId(3395227063091197167)): command=" cd /home/iac-666660 &&  find -L . -maxdepth 1 -type d -print0 && printf '%b' '\\0' && find -L . -maxdepth 1 -not -type d -print0             ", cwd=None
2026-08-18T15:04:44Z [INFO] RunCommand completed (request_id=d0c78a7a-7a11-44d2-8858-bc08941bfb9c): exit_code=Some(ExitCode(0)), stdout_len=128, stderr_len=0
2026-08-18T15:04:44Z [INFO] Handling RunCommand (request_id=d23acd76-f771-4787-a9d6-2c6ca75e6a12, session_id=SessionId(3395227063091197167)): command=" cd /home/iac-666660 &&  find -L . -maxdepth 1 -type d -print0 && printf '%b' '\\0' && find -L . -maxdepth 1 -not -type d -print0             ", cwd=None
2026-08-18T15:04:44Z [INFO] RunCommand completed (request_id=d23acd76-f771-4787-a9d6-2c6ca75e6a12): exit_code=Some(ExitCode(0)), stdout_len=128, stderr_len=0
2026-08-18T15:04:44Z [INFO] Handling RunCommand (request_id=d49df710-4fe7-4adb-a8a5-4364537e457a, session_id=SessionId(3395227063091197167)): command=" cd /home/umax &&  find -L . -maxdepth 1 -type d -print0 && printf '%b' '\\0' && find -L . -maxdepth 1 -not -type d -print0             ", cwd=None
2026-08-18T15:04:44Z [INFO] Handling RunCommand (request_id=fdece346-73c0-46a1-9f0a-6abbdc846812, session_id=SessionId(3395227063091197167)): command=" cd /home/umax &&  find -L . -maxdepth 1 -type d -print0 && printf '%b' '\\0' && find -L . -maxdepth 1 -not -type d -print0             ", cwd=None
2026-08-18T15:04:44Z [INFO] Handling RunCommand (request_id=ec3012bd-fe34-483d-87cb-5ccb78a12990, session_id=SessionId(3395227063091197167)): command=" cd /home/umax &&  find -L . -maxdepth 1 -type d -print0 && printf '%b' '\\0' && find -L . -maxdepth 1 -not -type d -print0             ", cwd=None
2026-08-18T15:04:44Z [INFO] Handling RunCommand (request_id=68fb074f-70d0-42c6-90f9-1798243f58f7, session_id=SessionId(3395227063091197167)): command=" cd /home/umax &&  find -L . -maxdepth 1 -type d -print0 && printf '%b' '\\0' && find -L . -maxdepth 1 -not -type d -print0             ", cwd=None
2026-08-18T15:04:44Z [INFO] Handling RunCommand (request_id=1578e3f4-aeb1-4749-920b-241e106011f4, session_id=SessionId(3395227063091197167)): command=" cd /home/umax &&  find -L . -maxdepth 1 -type d -print0 && printf '%b' '\\0' && find -L . -maxdepth 1 -not -type d -print0             ", cwd=None
2026-08-18T15:04:44Z [INFO] Handling RunCommand (request_id=4e38abcc-053d-4b9d-9155-5bc5fdc187a5, session_id=SessionId(3395227063091197167)): command=" cd /home/umax &&  find -L . -maxdepth 1 -type d -print0 && printf '%b' '\\0' && find -L . -maxdepth 1 -not -type d -print0             ", cwd=None
2026-08-18T15:04:44Z [INFO] Handling RunCommand (request_id=9440ecb4-fd2e-4d2c-922f-1db0319bf051, session_id=SessionId(3395227063091197167)): command="git --no-optional-locks branch --no-color --sort=-committerdate; printf '\\036\\n'; git --no-optional-locks worktree list --porcelain", cwd=Some("/home/iac-666660")
2026-08-18T15:04:44Z [INFO] Handling RunCommand (request_id=893f52f3-6584-4711-a266-fa64a11ab6b9, session_id=SessionId(3395227063091197167)): command="GIT_OPTIONAL_LOCKS=0 git -c diff.autoRefreshIndex=false diff --shortstat HEAD", cwd=Some("/home/iac-666660")
2026-08-18T15:04:44Z [INFO] Handling RunCommand (request_id=daef570e-e006-4a6e-8615-7950de15af46, session_id=SessionId(3395227063091197167)): command="git --no-optional-locks branch --no-color", cwd=Some("/home/iac-666660")
2026-08-18T15:04:44Z [INFO] RunCommand completed (request_id=d49df710-4fe7-4adb-a8a5-4364537e457a): exit_code=Some(ExitCode(1)), stdout_len=0, stderr_len=65
2026-08-18T15:04:44Z [INFO] RunCommand completed (request_id=1578e3f4-aeb1-4749-920b-241e106011f4): exit_code=Some(ExitCode(1)), stdout_len=0, stderr_len=65
2026-08-18T15:04:44Z [INFO] RunCommand completed (request_id=ec3012bd-fe34-483d-87cb-5ccb78a12990): exit_code=Some(ExitCode(1)), stdout_len=0, stderr_len=65
2026-08-18T15:04:44Z [INFO] RunCommand completed (request_id=fdece346-73c0-46a1-9f0a-6abbdc846812): exit_code=Some(ExitCode(1)), stdout_len=0, stderr_len=65
2026-08-18T15:04:44Z [INFO] RunCommand completed (request_id=4e38abcc-053d-4b9d-9155-5bc5fdc187a5): exit_code=Some(ExitCode(1)), stdout_len=0, stderr_len=65
2026-08-18T15:04:44Z [INFO] RunCommand completed (request_id=68fb074f-70d0-42c6-90f9-1798243f58f7): exit_code=Some(ExitCode(1)), stdout_len=0, stderr_len=65
2026-08-18T15:04:44Z [INFO] RunCommand completed (request_id=daef570e-e006-4a6e-8615-7950de15af46): exit_code=Some(ExitCode(128)), stdout_len=0, stderr_len=139
2026-08-18T15:04:44Z [INFO] RunCommand completed (request_id=893f52f3-6584-4711-a266-fa64a11ab6b9): exit_code=Some(ExitCode(129)), stdout_len=0, stderr_len=7365
2026-08-18T15:04:44Z [INFO] RunCommand completed (request_id=9440ecb4-fd2e-4d2c-922f-1db0319bf051): exit_code=Some(ExitCode(128)), stdout_len=2, stderr_len=278
2026-08-18T15:04:47Z [INFO] Handling RunCommand (request_id=d8aae488-d8a9-48ba-bcb0-de18e52a7ced, session_id=SessionId(3395227063091197167)): command="git --no-optional-locks branch --no-color --sort=-committerdate; printf '\\036\\n'; git --no-optional-locks worktree list --porcelain", cwd=Some("/home/iac-666660")
2026-08-18T15:04:47Z [INFO] Handling RunCommand (request_id=9e4015c9-1ed7-47a2-a043-9693246062db, session_id=SessionId(3395227063091197167)): command="GIT_OPTIONAL_LOCKS=0 git -c diff.autoRefreshIndex=false diff --shortstat HEAD", cwd=Some("/home/iac-666660")
2026-08-18T15:04:47Z [INFO] RunCommand completed (request_id=9e4015c9-1ed7-47a2-a043-9693246062db): exit_code=Some(ExitCode(129)), stdout_len=0, stderr_len=7365
2026-08-18T15:04:47Z [INFO] RunCommand completed (request_id=d8aae488-d8a9-48ba-bcb0-de18e52a7ced): exit_code=Some(ExitCode(128)), stdout_len=2, stderr_len=278
2026-08-18T15:05:17Z [INFO] Handling RunCommand (request_id=6efa5f96-4d8d-43df-a973-178c7b8dfa59, session_id=SessionId(3395227063091197167)): command="GIT_OPTIONAL_LOCKS=0 git symbolic-ref --short HEAD 2> /dev/null || GIT_OPTIONAL_LOCKS=0 git rev-parse --short HEAD 2> /dev/null", cwd=Some("/home/iac-666660")
2026-08-18T15:05:17Z [INFO] RunCommand completed (request_id=6efa5f96-4d8d-43df-a973-178c7b8dfa59): exit_code=Some(ExitCode(128)), stdout_len=0, stderr_len=0
2026-08-18T15:05:17Z [INFO] Handling RunCommand (request_id=099fea00-75ce-4384-9d17-98ab2393fdae, session_id=SessionId(3395227063091197167)): command="GIT_OPTIONAL_LOCKS=0 git -c diff.autoRefreshIndex=false diff --shortstat HEAD", cwd=Some("/home/iac-666660")
2026-08-18T15:05:17Z [INFO] RunCommand completed (request_id=099fea00-75ce-4384-9d17-98ab2393fdae): exit_code=Some(ExitCode(129)), stdout_len=0, stderr_len=7365
2026-08-18T15:05:47Z [INFO] Handling RunCommand (request_id=0abf9758-796b-47b7-a237-8de11e8acf8a, session_id=SessionId(3395227063091197167)): command="GIT_OPTIONAL_LOCKS=0 git symbolic-ref --short HEAD 2> /dev/null || GIT_OPTIONAL_LOCKS=0 git rev-parse --short HEAD 2> /dev/null", cwd=Some("/home/iac-666660")
2026-08-18T15:05:47Z [INFO] Handling RunCommand (request_id=3541e485-aa3d-41ce-9371-0346ed5edc95, session_id=SessionId(3395227063091197167)): command="GIT_OPTIONAL_LOCKS=0 git -c diff.autoRefreshIndex=false diff --shortstat HEAD", cwd=Some("/home/iac-666660")
2026-08-18T15:05:47Z [INFO] RunCommand completed (request_id=0abf9758-796b-47b7-a237-8de11e8acf8a): exit_code=Some(ExitCode(128)), stdout_len=0, stderr_len=0
2026-08-18T15:05:47Z [INFO] RunCommand completed (request_id=3541e485-aa3d-41ce-9371-0346ed5edc95): exit_code=Some(ExitCode(129)), stdout_len=0, stderr_len=7365
2026-08-18T15:06:17Z [INFO] Handling RunCommand (request_id=24ba7290-8011-4374-8314-716e9c3e518f, session_id=SessionId(3395227063091197167)): command="GIT_OPTIONAL_LOCKS=0 git symbolic-ref --short HEAD 2> /dev/null || GIT_OPTIONAL_LOCKS=0 git rev-parse --short HEAD 2> /dev/null", cwd=Some("/home/iac-666660")
2026-08-18T15:06:17Z [INFO] Handling RunCommand (request_id=ed357e35-ed03-429c-8a2b-ed876694793b, session_id=SessionId(3395227063091197167)): command="GIT_OPTIONAL_LOCKS=0 git -c diff.autoRefreshIndex=false diff --shortstat HEAD", cwd=Some("/home/iac-666660")
2026-08-18T15:06:17Z [INFO] RunCommand completed (request_id=ed357e35-ed03-429c-8a2b-ed876694793b): exit_code=Some(ExitCode(129)), stdout_len=0, stderr_len=7365
2026-08-18T15:06:17Z [INFO] RunCommand completed (request_id=24ba7290-8011-4374-8314-716e9c3e518f): exit_code=Some(ExitCode(128)), stdout_len=0, stderr_len=0
2026-08-18T15:06:47Z [INFO] Handling RunCommand (request_id=ce1492c6-2224-4029-af0c-e6424e54cf1b, session_id=SessionId(3395227063091197167)): command="GIT_OPTIONAL_LOCKS=0 git symbolic-ref --short HEAD 2> /dev/null || GIT_OPTIONAL_LOCKS=0 git rev-parse --short HEAD 2> /dev/null", cwd=Some("/home/iac-666660")
2026-08-18T15:06:47Z [INFO] Handling RunCommand (request_id=6d5d402c-ca2d-401b-87a6-19270d6816db, session_id=SessionId(3395227063091197167)): command="GIT_OPTIONAL_LOCKS=0 git -c diff.autoRefreshIndex=false diff --shortstat HEAD", cwd=Some("/home/iac-666660")
2026-08-18T15:06:47Z [INFO] RunCommand completed (request_id=6d5d402c-ca2d-401b-87a6-19270d6816db): exit_code=Some(ExitCode(129)), stdout_len=0, stderr_len=7365
2026-08-18T15:06:47Z [INFO] RunCommand completed (request_id=ce1492c6-2224-4029-af0c-e6424e54cf1b): exit_code=Some(ExitCode(128)), stdout_len=0, stderr_len=0
2026-08-18T15:07:17Z [INFO] Handling RunCommand (request_id=c61f39d1-b9b0-4419-88e6-ad5cca039e70, session_id=SessionId(3395227063091197167)): command="GIT_OPTIONAL_LOCKS=0 git symbolic-ref --short HEAD 2> /dev/null || GIT_OPTIONAL_LOCKS=0 git rev-parse --short HEAD 2> /dev/null", cwd=Some("/home/iac-666660")
2026-08-18T15:07:17Z [INFO] Handling RunCommand (request_id=54d47d3f-8d05-4a24-9121-763bc0b562c4, session_id=SessionId(3395227063091197167)): command="GIT_OPTIONAL_LOCKS=0 git -c diff.autoRefreshIndex=false diff --shortstat HEAD", cwd=Some("/home/iac-666660")
2026-08-18T15:07:17Z [INFO] RunCommand completed (request_id=c61f39d1-b9b0-4419-88e6-ad5cca039e70): exit_code=Some(ExitCode(128)), stdout_len=0, stderr_len=0
2026-08-18T15:07:17Z [INFO] RunCommand completed (request_id=54d47d3f-8d05-4a24-9121-763bc0b562c4): exit_code=Some(ExitCode(129)), stdout_len=0, stderr_len=7365
2026-08-18T15:07:47Z [INFO] Handling RunCommand (request_id=769e8822-a1d7-4f09-bd3f-60dab94a4f23, session_id=SessionId(3395227063091197167)): command="GIT_OPTIONAL_LOCKS=0 git symbolic-ref --short HEAD 2> /dev/null || GIT_OPTIONAL_LOCKS=0 git rev-parse --short HEAD 2> /dev/null", cwd=Some("/home/iac-666660")
2026-08-18T15:07:47Z [INFO] Handling RunCommand (request_id=509624d8-aef3-462b-8b08-9bbf6cf0dfae, session_id=SessionId(3395227063091197167)): command="GIT_OPTIONAL_LOCKS=0 git -c diff.autoRefreshIndex=false diff --shortstat HEAD", cwd=Some("/home/iac-666660")
2026-08-18T15:07:47Z [INFO] RunCommand completed (request_id=509624d8-aef3-462b-8b08-9bbf6cf0dfae): exit_code=Some(ExitCode(129)), stdout_len=0, stderr_len=7365
2026-08-18T15:07:47Z [INFO] RunCommand completed (request_id=769e8822-a1d7-4f09-bd3f-60dab94a4f23): exit_code=Some(ExitCode(128)), stdout_len=0, stderr_len=0
2026-08-18T15:08:17Z [INFO] Handling RunCommand (request_id=a4121672-cb2d-493b-b19d-e6870eb4c79c, session_id=SessionId(3395227063091197167)): command="GIT_OPTIONAL_LOCKS=0 git symbolic-ref --short HEAD 2> /dev/null || GIT_OPTIONAL_LOCKS=0 git rev-parse --short HEAD 2> /dev/null", cwd=Some("/home/iac-666660")
2026-08-18T15:08:17Z [INFO] Handling RunCommand (request_id=f701b887-4e01-4dd4-af64-108c18a064e8, session_id=SessionId(3395227063091197167)): command="GIT_OPTIONAL_LOCKS=0 git -c diff.autoRefreshIndex=false diff --shortstat HEAD", cwd=Some("/home/iac-666660")
2026-08-18T15:08:17Z [INFO] RunCommand completed (request_id=f701b887-4e01-4dd4-af64-108c18a064e8): exit_code=Some(ExitCode(129)), stdout_len=0, stderr_len=7365
2026-08-18T15:08:17Z [INFO] RunCommand completed (request_id=a4121672-cb2d-493b-b19d-e6870eb4c79c): exit_code=Some(ExitCode(128)), stdout_len=0, stderr_len=0
2026-08-18T15:08:47Z [INFO] Handling RunCommand (request_id=8833fcd0-8423-474d-938d-bb820089d947, session_id=SessionId(3395227063091197167)): command="GIT_OPTIONAL_LOCKS=0 git symbolic-ref --short HEAD 2> /dev/null || GIT_OPTIONAL_LOCKS=0 git rev-parse --short HEAD 2> /dev/null", cwd=Some("/home/iac-666660")
2026-08-18T15:08:47Z [INFO] Handling RunCommand (request_id=2e3df26e-8a8d-47a0-8238-a747d05acca4, session_id=SessionId(3395227063091197167)): command="GIT_OPTIONAL_LOCKS=0 git -c diff.autoRefreshIndex=false diff --shortstat HEAD", cwd=Some("/home/iac-666660")
2026-08-18T15:08:47Z [INFO] RunCommand completed (request_id=8833fcd0-8423-474d-938d-bb820089d947): exit_code=Some(ExitCode(128)), stdout_len=0, stderr_len=0
2026-08-18T15:08:47Z [INFO] RunCommand completed (request_id=2e3df26e-8a8d-47a0-8238-a747d05acca4): exit_code=Some(ExitCode(129)), stdout_len=0, stderr_len=7365
